ID,Type,SKU,title,Published,Is featured?,Visibility in catalog,description,Description ,Date sale price starts,Date sale price ends,Tax status,Tax class,In stock?,stock,Low stock amount,Backorders allowed?,Sold individually?,Weight (kg),Length (cm),Width (cm),Height (cm),Allow customer reviews?,Purchase note,"price
",discountPrice,categoryName,Tags,Shipping class,Images,Download limit,Download expiry days,Parent,Grouped products,Upsells,Cross-sells,External URL,Button text,Position,Meta: _deal_sales_counts,Meta: _deal_quantity,Meta: _last_editor_used_jetpack,Meta: video_position,Meta: custom_unit_price,Meta: custom_badges_text,Meta: _is_new,Meta: fm_pbt_product_ids,Meta: _wp_page_template,Attribute 1 name,Attribute 1 value(s),Attribute 1 visible,Attribute 1 global,Meta: _yoast_wpseo_estimated-reading-time-minutes,Meta: _yoast_wpseo_wordproof_timestamp,Meta: _product_video_gallery,Meta: _product_video_code,Meta: _product_video_autoplay,Meta: _et_quantity_type,Meta: _et_quantity_ranges,Meta: _sale_price_time_start,Meta: _sale_price_time_end,Meta: _et_gtin,Meta: _et_primary_category,Meta: _et_sale_counter,Meta: _et_single_layout,Meta: _et_additional_block,Meta: _et_product_slider,Meta: _et_single_thumbnail_hover,Meta: _et_product_view_hover,Meta: _et_product_view_color,Meta: _et_product_video_thumbnail,Meta: _yoast_wpseo_primary_brand,Meta: _yoast_wpseo_primary_product_cat,Meta: _elementor_edit_mode,Meta: _elementor_template_type,Meta: _elementor_version,Meta: _mstore_video_url,Meta: _mstore_video_title,Meta: _mstore_video_description,Meta: _yoast_wpseo_content_score
2189,simple,F001,TATA TEA PREMIUM-500 GM,1,1,visible,DESH KI CHAI,,,,taxable,,1,,,0,0,,,,,1,,270,280, TEA,,,https://kfs24x7.com/wp-content/uploads/Tata-Premium-1.jpg,,,,,,,,,0,0,,,,,,,,default,,,,,,,,,,,,,,,,,,,,,,,,,,,,,,,,
2190,simple,F002,TATA TEA PREMIUM - 250GM,1,1,visible,DESH KI CHAI (100 GM PACK OF BRITANIA GOOD DAY BISCUITS FREE),,,,taxable,,1,,,0,0,,,,,1,,135,140, TEA,,,https://kfs24x7.com/wp-content/uploads/F002.jpg,,,,,,,,,0,0,,,,,,,,,Size,"250G, 100G",1,0,,,,,,,,,,,,,,,,,,,,,,,,,,,,
2191,simple,F003,TATA TEA GOLD-500 GM,1,0,visible,RICH TASTE IRRESISTIBLE AROMA,,,,taxable,,1,,,0,0,,,,,0,,340,360, TEA,,,https://kfs24x7.com/wp-content/uploads/F003.jpg,,,F001,,,,,,1,0,,,,,,,,default,Size,250G,0,0,,,,,,,,,,,,,,,,,,,,,,,,,,,,
2192,simple,F004,BROOKE BOND RED LABEL- 500 GM,1,0,visible,Taste of Togetherness,,,,taxable,,1,,,0,0,,,,,0,,,255, TEA,,,https://kfs24x7.com/wp-content/uploads/F004.jpg,,,F001,,,,,,2,0,,,,,,,,,Size,100G,0,0,,,,,,,,,,,,,,,,,,,,,,,,,,,,
2193,simple,F005,BROOKE BOND RED LABEL- 250 GM,1,0,visible,Taste of Togetherness,,,,taxable,,1,,,0,0,,,,,1,,,120, TEA,,,https://kfs24x7.com/wp-content/uploads/F005.jpg,,,,,,,,,0,0,,,,,,,,,Size,"250G, 500G, 1KG",1,0,,,,,,,,,,,,,,,,,,,,,,,,,,,,
2194,simple,F007,BROOKE BOND RED LABEL TEA-1 KG,1,0,visible,HONEY LEMON,,,,taxable,,1,,,0,0,,,,,0,,455,510, TEA,,,https://kfs24x7.com/wp-content/uploads/34142.jpg,,,,,,,,,2,0,,,,,,,,,Size,500G,0,0,,,,,,,,,,,,,,,,,,,,,,,,,,,,
2195,simple,F008,LIPTON GREEN TEA-25 BAGS,1,0,visible,HONEY LEMON,,,,taxable,,1,,,0,0,,,,,0,,158.4,165, TEA,,,https://kfs24x7.com/wp-content/uploads/F008-1.jpg,,,,,,,,,3,0,,,,,,,,,Size,1KG,0,0,,,,,,,,,,,,,,,,,,,,,,,,,,,,
2196,simple,F009,LIPTON GREEN TEA-25 BAGS,1,0,visible,TULSI NATURA,,,,taxable,,1,,,0,0,,,,,0,,158.4,165, TEA,,,https://kfs24x7.com/wp-content/uploads/F009-2.jpg,,,,,,,,,0,0,,,,,,,,,,,,,,,,,,,,,,,,,,,,,,,,,,,,,,,,
2197,simple,F010,LIPTON GREEN TEA-250GM,1,0,visible,PURE & LIGHT,,,,taxable,,1,,,0,0,,,,,0,,297.6,310, TEA,,,https://kfs24x7.com/wp-content/uploads/F010.jpg,,,,,,,,,0,0,,,,,,,,,,,,,,,,,,,,,,,,,,,,,,,,,,,,,,,,
2198,simple,F011,ORGANIC INDIA GREEN TEA-25 BAGS,1,0,visible,TULSI ORIGINAL-STRESS RELIEVING & BOOST IMMUNITY,,,,taxable,,1,,,0,0,,,,,0,,143.56,148, TEA,,,https://kfs24x7.com/wp-content/uploads/F011-1.jpg,,,,,,,,,0,0,,,,,,,,,,,,,,,,,,,,,,,,,,,,,,,,,,,,,,,,
2199,simple,F012,ORGANIC INDIA GREEN TEA-25 BAGS,1,0,visible,TULSI GREEN TEA CLASSIC-STRESS RELIEVING & REFRESHING,,,,taxable,,1,,,0,0,,,,,0,,168.78,174, TEA,,,https://kfs24x7.com/wp-content/uploads/F012.jpg,,,,,,,,,0,0,,,,,,,,,,,,,,,,,,,,,,,,,,,,,,,,,,,,,,,,
2200,simple,F013,NESCAFE CLASSIC- 50GM,1,0,visible,,,,,taxable,,1,,,0,0,,,,,0,,225,232, COFFEE & CHOCOLATE POWDER,,,https://kfs24x7.com/wp-content/uploads/F014.jpg,,,,,,,,,0,0,,,,,,,,,,,,,,,,,,,,,,,,,,,,,,,,,,,,,,,,
2201,simple,F014,NESCAFE CLASSIC- 100GM,1,0,visible,"FREE FRAPPY COFEE MUG",,,,taxable,,0,0,,0,0,,,,,0,,286.15,295, COFFEE & CHOCOLATE POWDER,,,https://kfs24x7.com/wp-content/uploads/F013.jpg,,,,,,,,,0,0,,,,,,,,,,,,,,,,,,,,,,,,,,,,,,,,,,,,,,,,
2202,simple,F015,BOURN VITA-1KG,1,0,visible,"""TANN KI SHAKTI MANN KI SHAKTI""",,,,shipping,,1,,,0,0,,,,,0,,432,470, HEALTH DRINK,,,https://kfs24x7.com/wp-content/uploads/f017.jpg,,,,,,,,,0,0,,,,,,,,,,,,,,,,,,,,,,,,,,,,,,,,,,,,,,,,
2203,simple,F016,COMPLAN-500GM,1,0,visible,ROYAL CHOCLATE FLAVOUR,,,,taxable,,1,6,,0,0,,,,,0,,284.05,299, HEALTH DRINK,,,https://kfs24x7.com/wp-content/uploads/F016-1.jpg,,,,,,,,,0,0,,,,,,,,,,,,,,,,,,,,,,,,,,,,,,,,,,,,,,,,
2204,simple,F018,LOOSE BROWN CHANA-1 KG,1,0,visible,IN PACKET,LOOSE BROWN CHANA-500 GM?2=1 KG,,,taxable,,1,,,0,0,,,,,0,,,80, DALS & PULSES,,,https://kfs24x7.com/wp-content/uploads/F018.jpeg,,,,,,,,,0,0,,,,,,,,,,,,,,,,,,,,,,,,,,,,,,,,,,,,,,,,
2205,simple,F019,BRITANNIA TREAT JIMJAM-150 GM,1,0,visible,NAUGHTY JAM,,,,taxable,,1,,,0,0,,,,,0,,34,35, BISCUITS & CAKES,,,https://kfs24x7.com/wp-content/uploads/F019-1.jpg,,,,,,,,,0,0,,classic-editor,1,,,0,0,,,,,,,,,,,,,,,,,,,,,,,,,,,,,,,,,
2206,simple,F022,REAL ACTIVE COCONUT WATER-200 ML,1,0,visible,FRUIT POWER,COCONUT WATER,,,taxable,,1,,,0,0,,,,,0,,28.5,30, HEALTH DRINK,,,https://kfs24x7.com/wp-content/uploads/F022-1.jpg,,,,,,,,,0,0,,,,,,,,,,,,,,,,,,,,,,,,,,,,,,,,,,,,,,,,
2207,simple,F023,PARLE CRACK JACK-200GM,1,0,visible,THE ORIGINAL SWEET &amp; SALTY CRACKERS,,,,taxable,,1,,,0,0,,,,,0,,38,40, BISCUITS & CAKES,,,https://kfs24x7.com/wp-content/uploads/F023-1.jpg,,,,,,,,,0,0,,,,,,,,,,,,,,,,,,,,,,,,,,,,,,,,,,,,,,,,
2208,simple,F042,KELLOGG'S CHOCOS-700GM,1,0,visible,DOODH KA SOLID DOST,,,,taxable,,1,,,0,0,,,,,0,,325,350, BISCUITS & CAKES,,,https://kfs24x7.com/wp-content/uploads/F024-1.jpg,,,,,,,,,0,0,,,,,,,,,,,,,,,,,,,,,,,,,,,,,,,,,,,,,,,,
2209,simple,F025,BROOKE BOND RED LABEL NATURE TEA-500 GM,1,0,visible,PREMIUM BAKE RUSK,5 AYURVEDIC INGREDIENTS\n\nENHANCES IMMUNITY,,,taxable,,0,,,0,0,,,,,0,,275,295, TEA,,,https://kfs24x7.com/wp-content/uploads/34146.jpg,,,,,,,,,0,0,,,,,,,,,,,,,,,,,,,,,,,,,,,,,,,,,,,,,,,,
2210,simple,F026,BRITANNIA TOASTEA-250 GM,1,0,visible,PREMIUM BAKE RUSK,,,,taxable,,1,,,0,0,,,,,0,,,50, BISCUITS & CAKES,,,https://kfs24x7.com/wp-content/uploads/F026-2.jpg,,,,,,,,,0,0,,,,,,,,,,,,,,,,,,,,,,,,,,,,,,,,,,,,,,,,
2211,simple,F027,BRITANNIA TOASTEA-400 GM,1,0,visible,PREMIUM BAKE RUSK,PREMIUM BAKE RUSK,,,taxable,,1,,,0,0,,,,,0,,76,80, BISCUITS & CAKES,,,https://kfs24x7.com/wp-content/uploads/F027-1.jpg,,,,,,,,,0,0,,,,,,,,,,,,,,,,,,,,,,,,,,,,,,,,,,,,,,,,
2212,simple,F028,PARLE G-100 GM,1,0,visible,CLASSIC BISCUITS,,,,taxable,,1,,,0,0,,,,,0,,,9, BISCUITS & CAKES,,,https://kfs24x7.com/wp-content/uploads/F028-2.jpg,,,,,,,,,0,0,,,,,,,,,,,,,,,,,,,,,,,,,,,,,,,,,,,,,,,,
2213,simple,F029,BRITANNIA GOOD DAY-200GM,1,0,visible,BUTTRE COOKIES,,,,taxable,,1,,,0,0,,,,,0,,,35, BISCUITS & CAKES,,,https://kfs24x7.com/wp-content/uploads/F029-1.jpg,,,,,,,,,0,0,,,,,,,,,,,,,,,,,,,,,,,,,,,,,,,,,,,,,,,,
2214,simple,F030,BRITANNIA BOUR BON-150 GM,1,0,visible,BOURBON FRIENDS FOREVER,,,,taxable,,1,,,0,0,,,,,0,,38,40, BISCUITS & CAKES,,,https://kfs24x7.com/wp-content/uploads/F30-1.jpg,,,,,,,,,0,0,,,,,,,,,,,,,,,,,,,,,,,,,,,,,,,,,,,,,,,,
2215,simple,F031,BRITANNIA NUTRI CHOICE CRACKER-300 GM,1,0,visible,SUGAR FREE CRACKER (HONESTLY GOOD BISCUIT),SUGAR FREE CRACKER,,,taxable,,0,,,0,0,,,,,0,,43.5,45, BISCUITS & CAKES,,,https://kfs24x7.com/wp-content/uploads/F031.jpg,,,,,,,,,0,0,,,,,,,,,,,,,,,,,,,,,,,,,,,,,,,,,,,,,,,,
2216,simple,F032,LOTTE CHOCO PIE-450 GM,1,0,visible,INDIA'S NO.1 CHOCO PIE,WITH RICH MARSHMALLOW &amp; PREMIUM QUALITY,,,taxable,,1,,,0,0,,,,,0,,175,180, BISCUITS & CAKES,,,https://kfs24x7.com/wp-content/uploads/F032-1.jpg,,,,,,,,,0,0,,,,,,,,,,,,,,,,,,,,,,,,,,,,,,,,,,,,,,,,
2217,simple,F033,BRITANNIA MARIE GOLD-250GM,1,0,visible,ZERO TRANSFAT,,,,taxable,,1,,,0,0,,,,,0,,42.5,45, BISCUITS & CAKES,,,https://kfs24x7.com/wp-content/uploads/F033-3.jpg,,,,,,,,,0,0,,,,,,,,,,,,,,,,,,,,,,,,,,,,,,,,,,,,,,,,
2218,simple,F034,FRESH POMEGRANATE (ANAAR)- 1 KG,1,0,visible,,FRESH ANNAR (*MINIMUM ORDER 2 KG),,,taxable,,0,,,0,0,,,,,0,,,160,,,,https://kfs24x7.com/wp-content/uploads/F034-1.jpg,,,,,,,,,0,0,,,,,,,,,,,,,,,,,,,,,,,,,,,,,,,,,,,,,,,,
2267,simple,F035,BRITANNIA NICE TIME-150GM,1,0,visible,,,,,taxable,,1,,,0,0,,,,,0,,24,25, BISCUITS & CAKES,,,https://kfs24x7.com/wp-content/uploads/F035-1.jpg,,,,,,,,,0,0,,classic-editor,1,,,0,0,,,,,,,,,,,,,,,,,,,,,,,,,,,,,,,,,
2268,simple,F036,BRITANNIA 50:50-95GM,1,0,visible,SWEET & SALTY,,,,taxable,,0,0,,0,0,,,,,0,,9.7,10, BISCUITS & CAKES,,,https://kfs24x7.com/wp-content/uploads/F036-1.jpg,,,,,,,,,0,0,,,,,,,,,,,,,,,,,,,,,,,,,,,,,,,,,,,,,,,,
2269,simple,F037,SUNFEAST DARK FANTASY CHOCO FILLS-300 GM,1,0,visible,CENTER FILLED DARK COOKIES,,,,taxable,,1,,,0,0,,,,,0,,136,170, BISCUITS & CAKES,,,https://kfs24x7.com/wp-content/uploads/19088.jpg,,,,,,,,,0,0,,,,,,,,,,,,,,,,,,,,,,,,,,,,,,,,,,,,,,,,
2270,simple,F038,PARLE MILANO MIXED BERRIES-75GM,1,0,visible,CENTER FILLED COOKIES,,,,taxable,,0,,,0,0,,,,,0,,33.95,35, BISCUITS & CAKES,,,https://kfs24x7.com/wp-content/uploads/F038-1.jpg,,,,,,,,,0,0,,,,,,,,,,,,,,,,,,,,,,,,,,,,,,,,,,,,,,,,
2271,simple,F039,PARLE MONACO-200GM,1,0,visible,CRISPY LIGHT SALTY SNACK,,,,taxable,,1,,,0,0,,,,,0,,34,35, BISCUITS & CAKES,,,https://kfs24x7.com/wp-content/uploads/F039.jpg,,,,,,,,,0,0,,,,,,,,,,,,,,,,,,,,,,,,,,,,,,,,,,,,,,,,
2272,simple,F040,PARLE ORIGINAL GLUCO BISCUITS-800GM,1,0,visible,ORIGINAL GLUCO BISCUITS,,,,taxable,,1,,,0,0,,,,,0,,95,100, BISCUITS & CAKES,,,https://kfs24x7.com/wp-content/uploads/F040-2.jpg,,,,,,,,,0,0,,,,,,,,,,,,,,,,,,,,,,,,,,,,,,,,,,,,,,,,
2273,simple,F041,PRIYAGOLD CHEESE CRACKER-150GM,1,0,visible,CRACKLING CHEESE BISCUITS,,,,taxable,,0,,,0,0,,,,,0,,19,20, BISCUITS & CAKES,,,https://kfs24x7.com/wp-content/uploads/F041.jpg,,,,,,,,,0,0,,,,,,,,,,,,,,,,,,,,,,,,,,,,,,,,,,,,,,,,
2274,simple,F491,HALDIRAM KHATTA MEETHA-200 GM,1,0,visible,RELISH THE GOODNESS OF DELIGHTFUL SAVOURY TREATS,,,,taxable,,1,,,0,0,,,,,0,,47,50, NAMKEEN & SNACKS,,,https://kfs24x7.com/wp-content/uploads/f491-1.jpg,,,,,,,,,0,0,,,,,,,,,,,,,,,,,,,,,,,,,,,,,,,,,,,,,,,,
2275,simple,F044,HALDIRAM ALOO BHUJIA-200 GM,1,0,visible,RELISH THE GOODNESS OF DELIGHTFUL SAVOURY TREATS,,,,taxable,,1,,,0,0,,,,,0,,52.5,55, NAMKEEN & SNACKS,,,https://kfs24x7.com/wp-content/uploads/F044.jpg,,,,,,,,,0,0,,,,,,,,,,,,,,,,,,,,,,,,,,,,,,,,,,,,,,,,
2276,simple,F045,HALDIRAM NAVRATTAN-200GM,1,0,visible,RELISH THE GOODNESS OF DELIGHTFUL SAVOURY TREATS,,,,taxable,,1,,,0,0,,,,,0,,47.5,50, NAMKEEN & SNACKS,,,https://kfs24x7.com/wp-content/uploads/F045-1.jpg,,,,,,,,,0,0,,,,,,,,,,,,,,,,,,,,,,,,,,,,,,,,,,,,,,,,
2277,simple,F046,HALDIRAM MOONG DAL-200 GM,1,0,visible,RELISH THE GOODNESS OF DELIGHTFUL SAVOURY TREATS,,,,taxable,,1,,,0,0,,,,,0,,56,58, NAMKEEN & SNACKS,,,https://kfs24x7.com/wp-content/uploads/F046-2.jpg,,,,,,,,,0,0,,,,,,,,,,,,,,,,,,,,,,,,,,,,,,,,,,,,,,,,
2278,simple,F047,HALDIRAM KHATTA MEETHA-200GM,1,0,visible,RELISH THE GOODNESS OF DELIGHTFUL SAVOURY TREATS,,,,taxable,,0,,,0,0,,,,,0,,40.32,42, NAMKEEN & SNACKS,,,https://kfs24x7.com/wp-content/uploads/F047.jpg,,,,,,,,,0,0,,,,,,,,,,,,,,,,,,,,,,,,,,,,,,,,,,,,,,,,
2279,simple,F048,HALDIRAM KAJU MIXTURE-200 GM,1,0,visible,RELISH THE GOODNESS OF DELIGHTFUL SAVOURY TREATS,,,,taxable,,1,,,0,0,,,,,0,,77,80, NAMKEEN & SNACKS,,,https://kfs24x7.com/wp-content/uploads/F048.jpg,,,,,,,,,0,0,,,,,,,,,,,,,,,,,,,,,,,,,,,,,,,,,,,,,,,,
2280,simple,F049,HALDIRAM KASHMIRI MIXTURE-200GM,1,0,visible,RELISH THE GOODNESS OF DELIGHTFUL SAVOURY TREATS,,,,taxable,,0,,,0,0,,,,,0,,67.2,70, NAMKEEN & SNACKS,,,https://kfs24x7.com/wp-content/uploads/F049.jpg,,,,,,,,,0,0,,,,,,,,,,,,,,,,,,,,,,,,,,,,,,,,,,,,,,,,
2281,simple,F050,HALDIRAM SALTED PENUTS-200 GM,1,0,visible,,,,,taxable,,1,,,0,0,,,,,0,,52,54, NAMKEEN & SNACKS,,,https://kfs24x7.com/wp-content/uploads/F050-1.jpg,,,,,,,,,0,0,,,,,,,,,,,,,,,,,,,,,,,,,,,,,,,,,,,,,,,,
2282,simple,F052,HALDIRAM BHUJIA-400 GM,1,0,visible,RELISH THE GOODNESS OF DELIGHTFUL SAVOURY TREATS,,,,taxable,,1,,,0,0,,,,,0,,115,120, NAMKEEN & SNACKS,,,https://kfs24x7.com/wp-content/uploads/F052.jpg,,,,,,,,,0,0,,,,,,,,,,,,,,,,,,,,,,,,,,,,,,,,,,,,,,,,
2283,simple,F053,HALDIRAM ALOO BHUJIA-1 KG,1,0,visible,RELISH THE GOODNESS OF DELIGHTFUL SAVOURY TREATS,,,,taxable,,1,,,0,0,,,,,0,,242,255, NAMKEEN & SNACKS,,,https://kfs24x7.com/wp-content/uploads/F053.jpg,,,,,,,,,0,0,,,,,,,,,,,,,,,,,,,,,,,,,,,,,,,,,,,,,,,,
2284,simple,F055,SAMPOORNA AAHAR SOOJI-500 GM,1,0,visible,PURITY IS OUR FIRST PRIORITY,,,,taxable,,0,,,0,0,,,,,0,,26,32, ATTA & FLOUR,,,https://kfs24x7.com/wp-content/uploads/F055.jpg,,,,,,,,,0,0,,,,,,,,,,,,,,,,,,,,,,,,,,,,,,,,,,,,,,,,
2285,simple,F056,MAGGI MASALA-70GM,1,0,visible,MASALA MAAGI,,,,taxable,,1,,,0,0,,,,,0,,,14," MAGGI, NOODLES, PASTA & OATS",,,https://kfs24x7.com/wp-content/uploads/F056-1.jpg,,,,,,,,,0,0,,,,,,,,,,,,,,,,,,,,,,,,,,,,,,,,,,,,,,,,
2286,simple,F057,YIPPEE NOODLES-60GM,1,0,visible,MAGIC MASALA,,,,taxable,,0,,,0,0,,,,,0,,9.5,10," MAGGI, NOODLES, PASTA & OATS",,,https://kfs24x7.com/wp-content/uploads/F057.jpg,,,,,,,,,0,0,,,,,,,,,,,,,,,,,,,,,,,,,,,,,,,,,,,,,,,,
2287,simple,F058,MAGGI RICJ TOMATO KETCHUP-1KG,1,0,visible,RICH TOMATO KETCHUP,,,,taxable,,1,,,0,0,,,,,0,,152,160," JAM, PICKLE & SOUCES",,,https://kfs24x7.com/wp-content/uploads/F058.jpg,,,,,,,,,0,0,,,,,,,,,,,,,,,,,,,,,,,,,,,,,,,,,,,,,,,,
2288,simple,F059,MAGGI TOMATO KETCHUP-500GM,1,0,visible,RICH TOMATO KETCHUP,,,,taxable,,1,,,0,0,,,,,0,,98,102," JAM, PICKLE & SOUCES",,,https://kfs24x7.com/wp-content/uploads/F059.jpg,,,,,,,,,0,0,,,,,,,,,,,,,,,,,,,,,,,,,,,,,,,,,,,,,,,,
2289,simple,F060,KISSAN FRESH TOMATO KETCHUP-1KG,1,0,visible,FRESH TOMATO KETCHUP,,,,taxable,,0,,,0,0,,,,,0,,,140," JAM, PICKLE & SOUCES",,,https://kfs24x7.com/wp-content/uploads/F060.jpg,,,,,,,,,0,0,,,,,,,,,,,,,,,,,,,,,,,,,,,,,,,,,,,,,,,,
2290,simple,F061,KISSAN MIXED FRUIT JAM-500GM,1,0,visible,FRUIT JAM,,,,taxable,,1,,,0,0,,,,,0,,185,190," JAM, PICKLE & SOUCES",,,https://kfs24x7.com/wp-content/uploads/F061.png,,,,,,,,,0,0,,,,,,,,default,,,,,,,,,,,,,,,,,,,,,,,,,,,,,,,,
2339,simple,F062,KISSAN MIXED FRUIT JAM-200GM,1,0,visible,FRUIT JAM,,,,taxable,,1,,,0,0,,,,,0,,71,75," JAM, PICKLE & SOUCES",,,https://kfs24x7.com/wp-content/uploads/F062.jpg,,,,,,,,,0,0,,,,,,,,default,,,,,,,,,,,,,,,,,,,,,,,,,,,,,,,,
2340,simple,F063,CHING'S SCHEZWAN CHUTNEY-250GM,1,0,visible,SCHEZWAN CHUTNEY,,,,taxable,,1,,,0,0,,,,,0,,85,90," JAM, PICKLE & SOUCES",,,https://kfs24x7.com/wp-content/uploads/F063.jpg,,,,,,,,,0,0,,,,,,,,,,,,,,,,,,,,,,,,,,,,,,,,,,,,,,,,
2341,simple,F064,DISANO PEANUT BUTTER-350 GM,1,0,visible,PENUT BUTTER CRUNCHY,,,,taxable,,1,1,,0,0,,,,,0,,109.25,115," JAM, PICKLE & SOUCES",,,https://kfs24x7.com/wp-content/uploads/F064.jpg,,,,,,,,,0,0,,,,,,,,,,,,,,,,,,,,,,,,,,,,,,,,,,,,,,,,
2342,simple,F066,KISSAN FRESH TOMATO KETCHUP-425 GM,1,0,visible,<p>FRESH TOMATO KETCHUP</p>\n,,,,taxable,,1,,,0,0,,,,,0,,,50," JAM, PICKLE & SOUCES",,,https://kfs24x7.com/wp-content/uploads/32963.jpg,,,,,,,,,0,0,,,,,,,,,,,,,,,,,,,,,,,,,,,,,,,,,,,,,,,,
2343,simple,F067,SAVLON DEEP CLEAN-725 ML,1,0,visible,PROTECTION FROM MILLION GERMS,DEEP CLEAN GERM PROTECTION HANDWASH,,,taxable,,1,,,0,0,,,,,0,,94,99," HANDWASH,  PERSONAL CARE",,,https://kfs24x7.com/wp-content/uploads/F067-1.jpg,,,,,,,,,0,0,,,,,,,,,,,,,,,,,,,,,,,,,,,,,,,,,,,,,,,,
2344,simple,F068,DETTOL HANDWASH REFFIL PACK-750 ML,1,0,visible,OUR BEST EVER PROTECTION,"ORIGINAL EVERYDAY PROTECTION LIQUID HANDWASH\n\nBE 100% SURE PROTECT AGAINST 100 ILLNESS CAUSING GERMS",,,taxable,,1,,,0,0,,,,,0,,,99," HANDWASH,  PERSONAL CARE",,,https://kfs24x7.com/wp-content/uploads/F068-1.jpg,,,,,,,,,0,0,,,,,,,,,,,,,,,,,,,,,,,,,,,,,,,,,,,,,,,,
2345,simple,F069,BABUJI BRAND SORTEX ARHAR DAL-1KG,1,0,visible,SORTEX TOOR DAL,SORTEX TOOR DAL,,,taxable,,1,,,0,0,,,,,0,,,148, DALS & PULSES,,,https://kfs24x7.com/wp-content/uploads/F069-1.jpeg,,,,,,,,,0,0,,,,,,,,default,,,,,,,,,,,,,,,,,,,,,,,,,,,,,,,,
2346,simple,F072,RAJDHANI MASOOR MALKHA DAL-500 GM,1,0,visible,RAJDHANI ROASTED LONG CUT SEVIYAN WORTH RS.25 FREE,"THE RIGHT TASTE...\n\nTHE RIGHT CHOICE...",,,taxable,,1,10,,0,0,,,,,0,,59,70, DALS & PULSES,,,https://kfs24x7.com/wp-content/uploads/F072-2.jpg,,,,,,,,,0,0,,,,,,,,default,,,,,,,,,,,,,,,,,,,,,,,,,,,,,,,,
2347,simple,F073,LOOSE MASOOR DAL SABUT-500GM,1,0,visible,,,,,taxable,,1,,,0,0,,,,,0,,,48, DALS & PULSES,,,https://kfs24x7.com/wp-content/uploads/F073-1.jpg,,,,,,,,,0,0,,,,,,,,,,,,,,,,,,,,,,,,,,,,,,,,,,,,,,,,
2348,simple,F075,RAJDHANI MOONG SABUT-1 KG,1,0,visible,RAJDHANI ROASTED LONG CUT SEVIYAN WORTH RS.25 FREE,"THE RIGHT TASTE...\n\nTHE RIGHT CHOICE...\n\n&nbsp;",,,taxable,,1,,,0,0,,,,,0,,147,184, DALS & PULSES,,,https://kfs24x7.com/wp-content/uploads/F075-1.jpg,,,,,,,,,0,0,,,,,,,,default,,,,,,,,,,,,,,,,,,,,,,,,,,,,,,,,
2349,simple,F076,RAJDHANI YELLOW MOONG DAL(UNPOLISHED)-1 KG,1,0,visible,RAJDHANI ROASTED LONG CUT SEVIYAN WORTH RS.25 FREE,"THE RIGHT TASTE...\n\nTHE RIGHT CHOICE...",,,taxable,,1,,,0,0,,,,,0,,190,226, DALS & PULSES,,,https://kfs24x7.com/wp-content/uploads/F076-2.jpg,,,,,,,,,0,0,,,,,,,,default,,,,,,,,,,,,,,,,,,,,,,,,,,,,,,,,
2350,simple,F077,PRIL LIME GREASE FIGHTER-500 ML,1,0,visible,ACTIVE POWER MOLECULES,PRIL LIME GEL WITH GERMAN TECHNOLOGY,,,taxable,,1,,,0,0,,,,,0,,123.5,130, DISH WASH BAR,,,https://kfs24x7.com/wp-content/uploads/F077-1.jpg,,,,,,,,,0,0,,,,,,,,,,,,,,,,,,,,,,,,,,,,,,,,,,,,,,,,
2351,simple,F078,LOOSE CHANA DAL-500 GM,1,0,visible,IN PACKET,LOOSE CHANA DAL-500 GM,,,taxable,,0,0,,0,0,,,,,0,,,45, DALS & PULSES,,,https://kfs24x7.com/wp-content/uploads/F170-3.jpg,,,,,,,,,0,0,,,,,,,,default,,,,,,,,,,,,,,,,,,,,,,,,,,,,,,,,
2352,simple,F080,VEET HAIR REMOVAL CREAM-30 GM,1,0,visible,HAIR REMOVAL CREAM,"HAIR REMOVAL CREAM. 5 IN 1 SKIN BENEFITS\n<h5 style=""text-align: left;"">SALON-LIKE SILKY SMOOTH SKIN</h5>\nDRY SKIN (BODY &amp; LEGS)",,,taxable,,1,,,0,0,,,,,0,,72,75, PERSONAL CARE,,,https://kfs24x7.com/wp-content/uploads/F080-1.jpg,,,,,,,,,0,0,,,,,,,,,,,,,,,,,,,,,,,,,,,,,,,,,,,,,,,,
2353,simple,F081,RAJDHANI MOONG SABUT-500 GM,1,0,visible,PURITY IS OUR FIRST PRIORITY,,,,taxable,,0,,,0,0,,,,,0,,74,92, DALS & PULSES,,,https://kfs24x7.com/wp-content/uploads/F075.jpg,,,,,,,,,0,0,,,,,,,,default,,,,,0,,,,,,,,,,auto,disable,standard,0,inherit,inherit,inherit,inherit,inherit,,87,,,,,,,
2354,simple,F082,SAVLON HERBAL SENSITIVE HANDWASH-725 ML,1,0,visible,PROTECTS FROM MILLION GERMS,HERBAL SENSITIVE GERM PROTECTION HANDWASH,,,taxable,,1,,,0,0,,,,,0,,94,99," HANDWASH,  PERSONAL CARE",,,https://kfs24x7.com/wp-content/uploads/F082-1.jpg,,,,,,,,,0,0,,,,,,,,,,,,,,,,,,,,,,,,,,,,,,,,,,,,,,,,
2355,simple,F083,TATA SAMPANN DALIYA-400 GM,1,0,visible,"<table class=""a-normal a-spacing-micro"">\n<tbody>\n<tr class=""a-spacing-small po-brand"">\n<td class=""a-span3""><span class=""a-size-base a-text-bold"">Brand</span></td>\n<td class=""a-span9""><span class=""a-size-base po-break-word"">Tata Sampann</span></td>\n</tr>\n<tr class=""a-spacing-small po-specialty"">\n<td class=""a-span3""><span class=""a-size-base a-text-bold"">Speciality</span></td>\n<td class=""a-span9""><span class=""a-size-base po-break-word"">Organic</span></td>\n</tr>\n<tr class=""a-spacing-small po-diet_type"">\n<td class=""a-span3""><span class=""a-size-base a-text-bold"">Diet Type</span></td>\n<td class=""a-span9""><span class=""a-size-base po-break-word"">Vegetarian</span></td>\n</tr>\n<tr class=""a-spacing-small po-item_package_weight"">\n<td class=""a-span3""><span class=""a-size-base a-text-bold"">Package Weight</span></td>\n<td class=""a-span9""><span class=""a-size-base po-break-word"">400 Grams</span></td>\n</tr>\n<tr class=""a-spacing-small po-number_of_items"">\n<td class=""a-span3""><span class=""a-size-base a-text-bold"">Number of Items</span></td>\n<td class=""a-span9""><span class=""a-size-base po-break-word"">1</span></td>\n</tr>\n<tr class=""a-spacing-small po-unit_count"">\n<td class=""a-span3""><span class=""a-size-base a-text-bold"">Net Quantity</span></td>\n<td class=""a-span9""><span class=""a-size-base po-break-word"">400.0 gram</span></td>\n</tr>\n</tbody>\n</table>","<h1 class=""a-size-base-plus a-text-bold"">About this item</h1>\n<ul class=""a-unordered-list a-vertical a-spacing-mini"">\n 	<li class=""a-spacing-small""><span class=""a-list-item"">Grown without synthetic Pesticides</span></li>\n 	<li class=""a-spacing-small""><span class=""a-list-item"">Grown without synthetic GMOs</span></li>\n 	<li class=""a-spacing-small""><span class=""a-list-item"">A source of energy</span></li>\n 	<li class=""a-spacing-small""><span class=""a-list-item"">Source of good amount of protein</span></li>\n 	<li class=""a-spacing-small""><span class=""a-list-item"">A Good source of B vitamins</span></li>\n 	<li class=""a-spacing-small""><span class=""a-list-item"">Has a significant amount of dietary fiber which is good for our gut</span></li>\n 	<li class=""a-spacing-small""><span class=""a-list-item"">Beneficial for those who have diabetes and high cholesterol levels in blood</span></li>\n</ul>\n<div class=""a-row a-expander-container a-expander-inline-container"">\n<div class=""a-expander-content a-expander-extend-content a-expander-content-expanded"" aria-expanded=""true"">\n<ul class=""a-unordered-list a-vertical a-spacing-none"">\n 	<li class=""a-spacing-small""><span class=""a-list-item"">Suitable for fast cooking</span></li>\n 	<li class=""a-spacing-small""><span class=""a-list-item"">High protein</span></li>\n</ul>\n</div>\n</div>",,,taxable,,1,,,0,0,,,,,0,,33,37, ATTA & FLOUR,,,https://kfs24x7.com/wp-content/uploads/F083.jpg,,,,,,,,,0,0,,classic-editor,1,,,0,0,,,,,,,,,,,,,,,,,,,,,,,,,,,,,,,,,
2356,simple,F085,EVEREST SHAHI PANEER MASALA-50GM,1,0,visible,SHAHI PANEER MASALA,,,,taxable,,1,10,,0,0,,,,,0,,39.06,42, MASALA,,,https://kfs24x7.com/wp-content/uploads/F085.jpg,,,,,,,,,0,0,,,,,,,,,,,,,,,,,,,,,,,,,,,,,,,,,,,,,,,,
2357,simple,F086,CATCH CHATPATA CHAT MASALA-50 GM,1,0,visible,"<h1 class=""a-size-base-plus a-text-bold"">About this item</h1>\n<ul class=""a-unordered-list a-vertical a-spacing-mini"">\n 	<li><span class=""a-list-item"">Catch Chatpata Chat Masala is a staple masala in Indian kitchen.</span></li>\n 	<li><span class=""a-list-item"">Chat masala is an all-in-one seasoning.</span></li>\n 	<li><span class=""a-list-item"">Compliments Salads, Sandwiches, Fresh fruits, Finger chips, Snacks, Soft drinks, Sprouted beans.</span></li>\n 	<li><span class=""a-list-item"">Can be used in gravies and curries to add tanginess.</span></li>\n 	<li><span class=""a-list-item"">Net weight: 50 gm</span></li>\n</ul>","<h1 class=""a-size-base-plus a-text-bold"">About this item</h1>\n<ul class=""a-unordered-list a-vertical a-spacing-mini"">\n 	<li><span class=""a-list-item"">Catch Chatpata Chat Masala is a staple masala in Indian kitchen.</span></li>\n 	<li><span class=""a-list-item"">Chat masala is an all-in-one seasoning.</span></li>\n 	<li><span class=""a-list-item"">Compliments Salads, Sandwiches, Fresh fruits, Finger chips, Snacks, Soft drinks, Sprouted beans.</span></li>\n 	<li><span class=""a-list-item"">Can be used in gravies and curries to add tanginess.</span></li>\n 	<li><span class=""a-list-item"">Net weight: 50 gm</span></li>\n</ul>",,,taxable,,1,,,0,0,,,,,0,,33,37, MASALA,,,https://kfs24x7.com/wp-content/uploads/F086-1.jpg,,,,,,,,,0,0,,,,,,,,,,,,,,,,,,,,,,,,,,,,,,,,,,,,,,,,
2358,simple,F088,CHUK DE JEERA SABUT (CUMIN WHOLE)-200 GM,1,0,visible,THE SAFEST SPICES OF INDIA,SAAF NAHI TO PAISE NAHI OFFER,,,taxable,,0,,,0,0,,,,,0,,79,92, MASALA,,,https://kfs24x7.com/wp-content/uploads/F088.jpg,,,,,,,,,0,0,,,,,,,,,,,,,,,,,,,,,,,,,,,,,,,,,,,,,,,,
2359,simple,F089,FORTUNE KABULI CHANA (UNPOLISHED)-500 GM,1,0,visible,"Manufactured Name &amp; Marketed By :Adani Wilmar Ltd, Fortune House, Near Navrangpura Railway crossing, Ahmedabad, 380009, Gujarat, India","<div class=""_3LyVz"">About the Product\n<div class=""_2OD5p""></div>\n</div>\n<div>\n<div class=""_26MFu  "">\n<div>\n\nFortune presents you with unpolished pulses in their truest form. Fortune Kabuli Chana Dal is a sortex-cleaned, A-grade quality pulse. For retaining its authentic taste and nutritional value, you get the unpolished version which is healthier and tastier than the polished dal. Now savour the natural taste of pulses that have travelled all the way from the best farms to your plate. These pulses are selected grains that are almost uniform in size and colour. With it being unpolished, you can enjoy your dish now the way it's meant to be. Now give your diet the nutrition of protein with Fortune Kabuli Chana Dal produced with Nutri-lock technology for your family's best health needs.\n\n</div>\n</div>\n</div>",,,taxable,,0,,,0,0,,,,,0,,79,99, DALS & PULSES,,,https://kfs24x7.com/wp-content/uploads/F089.webp,,,,,,,,,0,0,,classic-editor,1,,,0,0,default,,,,,,,,,,,,,,,,,,,,,,,,,,,,,,,,
2360,simple,F090,LOOSE IMLI-100 GM,1,0,visible,IN PACKING,IN PACKING,,,taxable,,1,,,0,0,,,,,0,,,18, MASALA,,,https://kfs24x7.com/wp-content/uploads/F090.jpg,,,,,,,,,0,0,,,,,,,,,,,,,,,,,,,,,,,,,,,,,,,,,,,,,,,,
2361,simple,F092,EVEREST TURMERIC (HALDI) POWDER-200 GM,1,0,visible,,,,,taxable,,0,,,0,0,,,,,0,,58,64, MASALA,,,https://kfs24x7.com/wp-content/uploads/F092-2.jpg,,,,,,,,,0,0,,,,,,,,,,,,,,,,,,,,,,,,,,,,,,,,,,,,,,,,
2362,simple,F093,LOOSE COCONUT POWDER-100 GM,1,0,visible,FINE QUALITY,FINE QUALITY,,,taxable,,1,,,0,0,,,,,0,,,40," DRY FRUITS,  VRAT & FHALAHAR",,,https://kfs24x7.com/wp-content/uploads/F093-1.jpg,,,,,,,,,0,0,,,,,,,,,,,,,,,,,,,,,,,,,,,,,,,,,,,,,,,,
2415,simple,F094,CATCH TURMERIC POWDER (HALDI)-200 GM,1,0,visible,"<h1 class=""a-size-base-plus a-text-bold"">About this item</h1>\n<ul class=""a-unordered-list a-vertical a-spacing-mini"">\n 	<li><span class=""a-list-item"">Made from premium quality turmeric with high curcumin content sourced from the best farms</span></li>\n 	<li><span class=""a-list-item"">A quality product packed with minimum human interference.</span></li>\n 	<li><span class=""a-list-item"">A pure quality, perfect aroma and the right flavour that enriches any Indian dish it's added to. No added flavours and colours</span></li>\n 	<li><span class=""a-list-item"">Turmeric is also known for its therapeutic properties.</span></li>\n 	<li><span class=""a-list-item"">Net weight: 200 g</span></li>\n</ul>","Turmeric powder is <b>a bright yellow spice powder made from dried turmeric rhizomes</b>. While its slightly peppery and warm flavour; vibrant colour; and preservative properties make it a great culinary ingredient, the presence of 'curcumin' makes is suitable for cosmetic and medicinal purposes too.",,,taxable,,0,,,0,0,,,,,0,,58,65, MASALA,,,https://kfs24x7.com/wp-content/uploads/F094.jpg,,,,,,,,,0,0,,,,,,,,,,,,,,,,,,,,,,,,,,,,,,,,,,,,,,,,
2416,simple,F137,LOOSE AJWAIN-250 GM,1,0,visible,IN PACKING,IN PACKING,,,taxable,,1,19,,0,0,,,,,0,,,105, MASALA,,,https://kfs24x7.com/wp-content/uploads/F151-1.jpg,,,,,,,,,0,0,,,,,,,,,,,,,,,,,,,,,,,,,,,,,,,,,,,,,,,,
2417,simple,F096,FUN TOP MANGO PICKLE-200 GM,1,0,visible,,,,,taxable,,1,,,0,0,,,,,0,,44,50," JAM, PICKLE & SOUCES",,,https://kfs24x7.com/wp-content/uploads/F096.jpg,,,,,,,,,0,0,,,,,,,,,,,,,,,,,,,,,,,,,,,,,,,,,,,,,,,,
2418,simple,F097,EVEREST SAMBHAR MASALA-50GM,1,0,visible,SAMBHAR MASALA,,,,taxable,,1,,,0,0,,,,,0,,37,41, MASALA,,,https://kfs24x7.com/wp-content/uploads/F097.jpg,,,,,,,,,0,0,,,,,,,,,,,,,,,,,,,,,,,,,,,,,,,,,,,,,,,,
2419,simple,F098,CATCH SABZI MASALA-50 GM,1,0,visible,"<h1 class=""a-size-base-plus a-text-bold"">About this item</h1>\n<ul class=""a-unordered-list a-vertical a-spacing-mini"">\n 	<li><span class=""a-list-item"">This is a Vegetarian product</span></li>\n 	<li><span class=""a-list-item"">Catch Spices</span></li>\n 	<li><span class=""a-list-item"">Makes any dish special</span></li>\n 	<li><span class=""a-list-item"">Turns any vegetable into a tasty treat</span></li>\n 	<li><span class=""a-list-item"">Handpicked from freshest spices</span></li>\n</ul>",,,,taxable,,1,,,0,0,,,,,0,,27,30, MASALA,,,https://kfs24x7.com/wp-content/uploads/F098.jpg,,,,,,,,,0,0,,,,,,,,,,,,,,,,,,,,,,,,,,,,,,,,,,,,,,,,
2420,simple,F099,EVEREST ROYAL GARAM MASALA-50GM,1,0,visible,ROYAL GARAM MASALA,,,,taxable,,1,5,,0,0,,,,,0,,49,53, MASALA,,,https://kfs24x7.com/wp-content/uploads/F099.jpg,,,,,,,,,0,0,,,,,,,,,,,,,,,,,,,,,,,,,,,,,,,,,,,,,,,,
2421,simple,F100,TATA SAMPANN MEAT MASALA-45 GM,1,0,visible,WITH NATURALS OILS,WITH NATURALS OILS,,,taxable,,1,10,,0,0,,,,,0,,34,38, MASALA,,,https://kfs24x7.com/wp-content/uploads/100.jpg,,,,,,,,,0,0,,,,,,,,,,,,,,,,,,,,,,,,,,,,,,,,,,,,,,,,
2422,simple,F101,EVEREST MEAT MASALA-50GM,1,0,visible,MEAT MASALA,,,,taxable,,0,0,,0,0,,,,,0,,44,48, MASALA,,,https://kfs24x7.com/wp-content/uploads/F101-1.jpg,,,,,,,,,0,0,,,,,,,,,,,,,,,,,,,,,,,,,,,,,,,,,,,,,,,,
2423,simple,F102,EVEREST CHHOLE MASALA-50 GM,1,0,visible,CHHOLE MASALA,,,,taxable,,1,,,0,0,,,,,0,,42,45, MASALA,,,https://kfs24x7.com/wp-content/uploads/F102.jpg,,,,,,,,,0,0,,,,,,,,,,,,,,,,,,,,,,,,,,,,,,,,,,,,,,,,
2424,simple,F103,EVEREST RAJMA MASALA-50GM,1,0,visible,RAJMA MASALA,,,,taxable,,1,6,,0,0,,,,,0,,28.83,31, MASALA,,,https://kfs24x7.com/wp-content/uploads/F103-3.jpg,,,,,,,,,0,0,,,,,,,,,,,,,,,,,,,,,,,,,,,,,,,,,,,,,,,,
2425,simple,F104,EVEREST PAV BHAJI MASALA-50GM,1,0,visible,PAV BHAJI MASALA,,,,taxable,,0,0,,0,0,,,,,0,,44,47, MASALA,,,https://kfs24x7.com/wp-content/uploads/F104-1.jpg,,,,,,,,,0,0,,,,,,,,,,,,,,,,,,,,,,,,,,,,,,,,,,,,,,,,
2426,simple,F105,EVEREST SABJI MASALA-100 GM,1,0,visible,SABJI MASALA,,,,taxable,,1,,,0,0,,,,,0,,59,64, MASALA,,,https://kfs24x7.com/wp-content/uploads/F105.jpg,,,,,,,,,0,0,,,,,,,,,,,,,,,,,,,,,,,,,,,,,,,,,,,,,,,,
2427,simple,F106,EVEREST AAMCHOOR-50 GM,1,0,visible,AAMCHOOR,,,,taxable,,1,,,0,0,,,,,0,,38,42, MASALA,,,https://kfs24x7.com/wp-content/uploads/F106-1.jpg,,,,,,,,,0,0,,,,,,,,,,,,,,,,,,,,,,,,,,,,,,,,,,,,,,,,
2428,simple,F107,FORTUNE RAJMA CHITRA (UNPOLISHED)-1 KG,1,0,visible,,"<div class=""_3LyVz"">About the Product\n<div class=""_2OD5p"">Fortune presents you with unpolished pulses in their truest form. Fortune Rajma Chitra is a sortex-cleaned, A-grade quality pulse. For retaining its authentic taste and nutritional value, you get the unpolished version which is healthier and tastier than the polished dal. Now savour the natural taste of pulses that have travelled all the way from the best farms to your plate. These pulses are selected grains that are almost uniform in size and colour. With it being unpolished, you can enjoy your dish now the way it’s meant to be. Now give your diet the nutrition of protein with Fortune Rajma Chitra produced with Nutri-lock technology for your family’s best health needs.</div>\n</div>",,,taxable,,1,,,0,0,,,,,0,,188,290, DALS & PULSES,,,https://kfs24x7.com/wp-content/uploads/F584.webp,,,,,,,,,0,0,,classic-editor,1,,,0,0,,,,,,,,,,,,,,,,,,,,,,,,,,,,,,,,,
2429,simple,F108,TATA SAMPANN TURMERIC (HALDI) POWDER-200 GM,1,0,visible,MADE FROM WHOLE SPICES WHICH CONTAIN NATURAL OILS,WITH NATURAL OILS,,,taxable,,1,7,,0,0,,,,,0,,61,68, MASALA,,,https://kfs24x7.com/wp-content/uploads/F108.jpg,,,,,,,,,0,0,,,,,,,,,,,,,,,,,,,,,,,,,,,,,,,,,,,,,,,,
2430,simple,F109,EVEREST CHAAT MASALA-50 GM,1,0,visible,EVEREST CHAAT MASALA,,,,taxable,,1,,,0,0,,,,,0,,41,44, MASALA,,,https://kfs24x7.com/wp-content/uploads/F109.jpg,,,,,,,,,0,0,,,,,,,,,,,,,,,,,,,,,,,,,,,,,,,,,,,,,,,,
2431,simple,F110,EVEREST JALJIRA POWDER-50GM,1,0,visible,JALJIRA POWDER,,,,taxable,,1,3,,0,0,,,,,0,,29,31, MASALA,,,https://kfs24x7.com/wp-content/uploads/F110.jpg,,,,,,,,,0,0,,,,,,,,,,,,,,,,,,,,,,,,,,,,,,,,,,,,,,,,
2432,simple,F122,EVEREST CORIANDER POWDER (DHANIA)-200 GM,1,0,visible,,,,,taxable,,1,,,0,0,,,,,0,,63,70, MASALA,,,https://kfs24x7.com/wp-content/uploads/F122.jpeg,,,,,,,,,0,0,,,,,,,,,,,,,,,,,,,,,,,,,,,,,,,,,,,,,,,,
2433,simple,F112,EVEREST TIKHALAL-50GM,1,0,visible,HOT &amp; RED CHILLI POWDER,,,,taxable,,1,22,,0,0,,,,,0,,25,27, MASALA,,,https://kfs24x7.com/wp-content/uploads/F112.jpg,,,,,,,,,0,0,,,,,,,,,,,,,,,,,,,,,,,,,,,,,,,,,,,,,,,,
2434,simple,F113,EVEREST TIKHALAL-100 GM,1,0,visible,HOT &amp; RED CHILLI POWDER,,,,taxable,,1,,,0,0,,,,,0,,61,68, MASALA,,,https://kfs24x7.com/wp-content/uploads/F113.jpg,,,,,,,,,0,0,,,,,,,,,,,,,,,,,,,,,,,,,,,,,,,,,,,,,,,,
2435,simple,F114,EVEREST TURMERIC (HALDI POWDER)-100 GM,1,0,visible,"FARM FRESH, GOLDEN YELLOW TURMERIC POWDER",,,,taxable,,1,,,0,0,,,,,0,,42,46, MASALA,,,https://kfs24x7.com/wp-content/uploads/F114.png,,,,,,,,,0,0,,,,,,,,,,,,,,,,,,,,,,,,,,,,,,,,,,,,,,,,
2436,simple,F115,EVEREST DHANIYA POWDER-100GM,1,0,visible,"FARM FRESH, GREEN CORIANDER POWDER",,,,taxable,,1,14,,0,0,,,,,0,,26.04,28, MASALA,,,https://kfs24x7.com/wp-content/uploads/F115.jpg,,,,,,,,,0,0,,,,,,,,,,,,,,,,,,,,,,,,,,,,,,,,,,,,,,,,
2437,simple,F116,EVEREST TURMERIC (HALDI) POWDER-200 GM,1,0,visible,"FARM FRESH, GOLDEN YELLOW TURMERIC POWDER",,,,taxable,,1,,,0,0,,,,,0,,71,80, MASALA,,,https://kfs24x7.com/wp-content/uploads/images282329.jpeg,,,,,,,,,0,0,,,,,,,,,,,,,,,,,,,,,,,,,,,,,,,,,,,,,,,,
2438,simple,F117,TATA SAMPANN CHAAT MASALA-45 GM,1,0,visible,CHAAT MASALA WITH NATURAL OILS,CHAAT MASALA WITH NATURAL OILS,,,taxable,,1,,,0,0,,,,,0,,30,33, MASALA,,,https://kfs24x7.com/wp-content/uploads/F117-1.jpg,,,,,,,,,0,0,,,,,,,,,,,,,,,,,,,,,,,,,,,,,,,,,,,,,,,,
2439,simple,F118,TATA SAMPANN KITCHEN KING MASALA-100GM,1,0,visible,KITCHEN KING MASALA WITH NATURAL OILS,,,,taxable,,1,8,,0,0,,,,,0,,68,75, MASALA,,,https://kfs24x7.com/wp-content/uploads/F118-3.jpg,,,,,,,,,0,0,,,,,,,,,,,,,,,,,,,,,,,,,,,,,,,,,,,,,,,,
2440,simple,F120,TATA SAMPANN CORIANDER POWDER-100GM,1,0,visible,CORIANDER POWDER WITH NATURAL OILS,,,,taxable,,1,1,,0,0,,,,,0,,27.28,31, MASALA,,,https://kfs24x7.com/wp-content/uploads/F120-2.jpg,,,,,,,,,0,0,,,,,,,,,,,,,,,,,,,,,,,,,,,,,,,,,,,,,,,,
2497,simple,F121,EVEREST GARAM MASALA-50 GM,1,0,visible,,,,,taxable,,1,,,0,0,,,,,0,,38,42, MASALA,,,https://kfs24x7.com/wp-content/uploads/F121-1.jpg,,,,,,,,,0,0,,,,,,,,,,,,,,,,,,,,,,,,,,,,,,,,,,,,,,,,
2498,simple,F123,PURE COW MILK-1 LTR,1,0,visible,,FRESH COW MILK,,,taxable,,1,,,0,0,,,,,0,,,57,Grocery,,,https://kfs24x7.com/wp-content/uploads/F123-1.jpg,,,,,,,,,0,0,,,,,,,,,,,,,,,,,,,,,,,,,,,,,,,,,,,,,,,,
2499,simple,F124,WHOLE CORIANDER (SABUT DHANIYA)-100 GM,1,0,visible,,,,,taxable,,1,,,0,0,,,,,0,,,24, MASALA,,,https://kfs24x7.com/wp-content/uploads/F124.jpg,,,,,,,,,0,0,,,,,,,,,,,,,,,,,,,,,,,,,,,,,,,,,,,,,,,,
2500,simple,F125,WHOLE RED CHILLI( SABUT LAL MIRCH)-100 GM,1,0,visible,,,,,taxable,,1,,,0,0,,,,,0,,,40, MASALA,,,https://kfs24x7.com/wp-content/uploads/F125.jpg,,,,,,,,,0,0,,,,,,,,,,,,,,,,,,,,,,,,,,,,,,,,,,,,,,,,
2501,simple,F127,LOOSE JEERA-250 GM,1,0,visible,IN PACKING,IN PACKING,,,taxable,,1,,,0,0,,,,,0,,,90, MASALA,,,https://kfs24x7.com/wp-content/uploads/18205.jpg,,,,,,,,,0,0,,,,,,,,default,,,,,,,,,,,,,,,,,,,,,,,,,,,,,,,,
2502,simple,F128,LOOSE CHHOTI ELAICHI/GREEN CARDAMOM-25 GM,1,0,visible,,,,,taxable,,1,,,0,0,,,,,0,,,100, MASALA,,,https://kfs24x7.com/wp-content/uploads/F128.jpg,,,,,,,,,0,0,,,,,,,,,,,,,,,,,,,,,,,,,,,,,,,,,,,,,,,,
2503,simple,F129,NATUROZ CALIFORNIA WALNUT KERNELS-600 GM,1,0,visible,"<table class=""a-normal a-spacing-micro"">\n<tbody>\n<tr class=""a-spacing-small po-flavor"">\n<td class=""a-span3""><span class=""a-size-base a-text-bold"">Flavour</span></td>\n<td class=""a-span9""><span class=""a-size-base po-break-word"">Whole Natural</span></td>\n</tr>\n<tr class=""a-spacing-small po-brand"">\n<td class=""a-span3""><span class=""a-size-base a-text-bold"">Brand</span></td>\n<td class=""a-span9""><span class=""a-size-base po-break-word"">Naturoz</span></td>\n</tr>\n<tr class=""a-spacing-small po-allergen_information"">\n<td class=""a-span3""><span class=""a-size-base a-text-bold"">Allergen Information</span></td>\n<td class=""a-span9""><span class=""a-size-base po-break-word"">Tree Nut Free</span></td>\n</tr>\n<tr class=""a-spacing-small po-item_weight"">\n<td class=""a-span3""><span class=""a-size-base a-text-bold"">Item Weight</span></td>\n<td class=""a-span9""><span class=""a-size-base po-break-word"">600 Grams</span></td>\n</tr>\n<tr class=""a-spacing-small po-item_form"">\n<td class=""a-span3""><span class=""a-size-base a-text-bold"">Item Form</span></td>\n<td class=""a-span9""><span class=""a-size-base po-break-word"">Dried</span></td>\n</tr>\n</tbody>\n</table>","<h1 class=""a-size-base-plus a-text-bold"">About this item</h1>\n<ul class=""a-unordered-list a-vertical a-spacing-mini"">\n 	<li class=""a-spacing-small""><span class=""a-list-item"">Healthy ready food to curb those hunger pangs</span></li>\n 	<li class=""a-spacing-small""><span class=""a-list-item"">Storage information- keep it cool and dry place</span></li>\n 	<li class=""a-spacing-small""><span class=""a-list-item"">Best quality walnut sourced from California usa</span></li>\n 	<li class=""a-spacing-small""><span class=""a-list-item"">Rich in beneficial nutrients. Maximum Shelf Life : 6 Months</span></li>\n 	<li class=""a-spacing-small""><span class=""a-list-item"">Best as a snack</span></li>\n 	<li class=""a-spacing-small""><span class=""a-list-item"">Premium quality, amazing taste, soft in chewing</span></li>\n 	<li class=""a-spacing-small""><span class=""a-list-item"">Processed and packed in fssc: 22000 and haccp certified plant - the best among food safety ratings</span></li>\n</ul>\n<div class=""a-row a-expander-container a-expander-inline-container"">\n<div class=""a-expander-content a-expander-extend-content a-expander-content-expanded"" aria-expanded=""true"">\n<ul class=""a-unordered-list a-vertical a-spacing-none"">\n 	<li class=""a-spacing-small""><span class=""a-list-item"">ingredients: Walnuts. allergen_information: Walnuts</span></li>\n 	<li class=""a-spacing-small""><span class=""a-list-item"">flavor_name: Whole Natural.</span></li>\n</ul>\n</div>\n</div>",,,taxable,,1,,,0,0,,,,,0,,787,1125, DRY FRUITS,,,https://kfs24x7.com/wp-content/uploads/F443.jpg,,,,,,,,,0,0,,classic-editor,1,,,0,0,,,,,,,,,,,,,,,,,,,,,,,,,,,,,,,,,
2504,simple,F130,NATUROZ WHOLE CASHEWES (W320)-250 GM,1,1,visible,"<table class=""a-normal a-spacing-micro"">\n<tbody>\n<tr class=""a-spacing-small po-flavor"">\n<td class=""a-span3""><span class=""a-size-base a-text-bold"">Flavour</span></td>\n<td class=""a-span9""><span class=""a-size-base po-break-word"">Whole natural</span></td>\n</tr>\n<tr class=""a-spacing-small po-brand"">\n<td class=""a-span3""><span class=""a-size-base a-text-bold"">Brand</span></td>\n<td class=""a-span9""><span class=""a-size-base po-break-word"">Naturoz</span></td>\n</tr>\n<tr class=""a-spacing-small po-item_weight"">\n<td class=""a-span3""><span class=""a-size-base a-text-bold"">Item Weight</span></td>\n<td class=""a-span9""><span class=""a-size-base po-break-word"">250 Grams</span></td>\n</tr>\n<tr class=""a-spacing-small po-item_form"">\n<td class=""a-span3""><span class=""a-size-base a-text-bold"">Item Form</span></td>\n<td class=""a-span9""><span class=""a-size-base po-break-word"">Whole</span></td>\n</tr>\n<tr class=""a-spacing-small po-diet_type"">\n<td class=""a-span3""><span class=""a-size-base a-text-bold"">Diet Type</span></td>\n<td class=""a-span9""><span class=""a-size-base po-break-word"">Vegetarian</span></td>\n</tr>\n</tbody>\n</table>","<h1 class=""a-size-base-plus a-text-bold"">About this item</h1>\n<ul class=""a-unordered-list a-vertical a-spacing-mini"">\n 	<li class=""a-spacing-small""><span class=""a-list-item"">Bestseller product from the house of Naturoz.</span></li>\n 	<li class=""a-spacing-small""><span class=""a-list-item"">Best quality Cashews rich in antioxidants.</span></li>\n 	<li class=""a-spacing-small""><span class=""a-list-item"">Crunchy taste, best as a snack.</span></li>\n 	<li class=""a-spacing-small""><span class=""a-list-item"">Cashews are naturally cholesterol free.</span></li>\n 	<li class=""a-spacing-small""><span class=""a-list-item"">Storage information- Keep it cool and dry place.</span></li>\n</ul>",,,taxable,,1,,,0,0,,,,,0,,300,325," DRY FRUITS,  VRAT & FHALAHAR",,,https://kfs24x7.com/wp-content/uploads/F130-e1686810164820.jpg,,,,,,,,,0,0,,classic-editor,1,,,0,0,,,,,,,,,,,,,,,,,,,,,,,,,,,,,,,,,
2505,simple,F131,NATUROZ CALIFORNIA ALMONDS-250 GM,1,0,visible,RAW ALMONDS KERNEL,"<ul class=""a-unordered-list a-vertical a-spacing-mini"">\n 	<li class=""a-spacing-small""><span class=""a-list-item"">Best quality product from the house of Naturoz, sourced from California USA</span></li>\n 	<li class=""a-spacing-small""><span class=""a-list-item"">Delicious crispy taste, best as a snack</span></li>\n 	<li class=""a-spacing-small""><span class=""a-list-item"">Good source of energy-encourage riboflavin, manganese and copper</span></li>\n 	<li class=""a-spacing-small""><span class=""a-list-item"">Supports healthy brain function and naturally gluten-free</span></li>\n 	<li class=""a-spacing-small""><span class=""a-list-item"">Storage information- keep it airtight &amp; refrigerated for optimum freshness</span></li>\n</ul>",,,taxable,,0,,,0,0,,,,,0,,285,355, DRY FRUITS,,,https://kfs24x7.com/wp-content/uploads/F131.jpg,,,,,,,,,0,0,,classic-editor,1,,,0,0,,,,,,,,,,,,,,,,,,,,,,,,,,,,,,,,,
2506,simple,F132,TATA TEA AGNI- 250GM,1,0,visible,ALARM BAJNE SE PAHLE JAAGO RE,WITH 10% EXTRA STRONG LEAVES,,,taxable,,1,,,0,0,,,,,0,,,50, TEA,,,https://kfs24x7.com/wp-content/uploads/F132-1.jpg,,,,,,,,,0,0,,,,,,,,,,,,,,,,,,,,,,,,,,,,,,,,,,,,,,,,
2507,simple,F133,VINOD PISTACHIOS-250 GM X 4=1 KG,1,0,visible,"<h1 id=""title"" class=""a-size-large a-spacing-none""><span id=""productTitle"" class=""a-size-large product-title-word-break"">Roasted &amp; Lightly Salted Irani Pistachios - 100% Natural &amp; Premium</span></h1>\n(250 GM X4=1 KG)","<h1 id=""title"" class=""a-size-large a-spacing-none""><span id=""productTitle"" class=""a-size-large product-title-word-break"">Roasted &amp; Lightly Salted Irani Pistachios - 100% Natural &amp; Premium</span></h1>\n(250 GM X4=1 KG)",,,taxable,,1,,,0,0,,,,,0,,1100,1600, DRY FRUITS,,,https://kfs24x7.com/wp-content/uploads/F349-1.jpg,,,,,,,,,0,0,,,,,,,,,,,,,,,,,,,,,,,,,,,,,,,,,,,,,,,,
2508,simple,F134,VINOD WALNUT-250 GM X 2=500 GM,1,0,visible,"<h1 id=""title"" class=""a-size-large a-spacing-none""><span id=""productTitle"" class=""a-size-large product-title-word-break"">100% Natural &amp; Premium Kernel Walnuts (250 GM X 2=500 GM)</span></h1>","<h1 id=""title"" class=""a-size-large a-spacing-none""><span id=""productTitle"" class=""a-size-large product-title-word-break"">100% Natural &amp; Premium Kernel Walnuts (250 GM X 2=500 GM)</span></h1>",,,taxable,,1,,,0,0,,,,,0,,660,1200, DRY FRUITS,,,https://kfs24x7.com/wp-content/uploads/F493.jpeg,,,,,,,,,0,0,,,,,,,,,,,,,,,,,,,,,,,,,,,,,,,,,,,,,,,,
2509,simple,F145,VINOD PISTACHIOS-250 GM X 2=500 GM,1,0,visible,"<h1 id=""title"" class=""a-size-large a-spacing-none""><span id=""productTitle"" class=""a-size-large product-title-word-break"">Roasted &amp; Lightly Salted Irani Pistachios - 100% Natural &amp; Premium</span></h1>\n(250 GM X2=500 GM)","<h1 id=""title"" class=""a-size-large a-spacing-none""><span id=""productTitle"" class=""a-size-large product-title-word-break"">Roasted &amp; Lightly Salted Irani Pistachios - 100% Natural &amp; Premium</span></h1>\n(250 GM X2=500 GM)",,,taxable,,1,,,0,0,,,,,0,,528,800, DRY FRUITS,,,https://kfs24x7.com/wp-content/uploads/F349-1.jpg,,,,,,,,,0,0,,,,,,,,,,,,,,,,,,,,,,,,,,,,,,,,,,,,,,,,
2510,simple,F136,LOOSE MUNGFALLI DANA-500GM,1,0,visible,,,,,taxable,,1,,,0,0,,,,,0,,,89, VRAT & FHALAHAR,,,https://kfs24x7.com/wp-content/uploads/F136.jpg,,,,,,,,,0,0,,,,,,,,,,,,,,,,,,,,,,,,,,,,,,,,,,,,,,,,
2511,simple,F138,SACHAMOTI TAPIOCA SAGO (SABUDANA) BOLD DANA-500 GM,1,0,visible,,,,,taxable,,1,,,0,0,,,,,0,,60,70, VRAT & FHALAHAR,,,https://kfs24x7.com/wp-content/uploads/F138-2.jpg,,,,,,,,,0,0,,,,,,,,,,,,,,,,,,,,,,,,,,,,,,,,,,,,,,,,
2512,simple,F139,SBV SINGHARA ATTA-250GM,1,0,visible,,,,,taxable,,0,,,0,0,,,,,0,,70,90, VRAT & FHALAHAR,,,https://kfs24x7.com/wp-content/uploads/F139.jpg,,,,,,,,,0,0,,,,,,,,,,,,,,,,,,,,,,,,,,,,,,,,,,,,,,,,
2513,simple,F142,FORTUNE CHANA DAL (UNPOLISHED)-1 KG,1,0,visible,"<table class=""a-normal a-spacing-micro"">\n<tbody>\n<tr class=""a-spacing-small po-brand"">\n<td class=""a-span3""><span class=""a-size-base a-text-bold"">Brand</span></td>\n<td class=""a-span9""><span class=""a-size-base po-break-word"">Fortune</span></td>\n</tr>\n<tr class=""a-spacing-small po-item_weight"">\n<td class=""a-span3""><span class=""a-size-base a-text-bold"">Item Weight</span></td>\n<td class=""a-span9""><span class=""a-size-base po-break-word"">1000 Grams</span></td>\n</tr>\n<tr class=""a-spacing-small po-specialty"">\n<td class=""a-span3""><span class=""a-size-base a-text-bold"">Speciality</span></td>\n<td class=""a-span9""><span class=""a-size-base po-break-word"">Suitable for vegetarians</span></td>\n</tr>\n<tr class=""a-spacing-small po-item_form"">\n<td class=""a-span3""><span class=""a-size-base a-text-bold"">Item Form</span></td>\n<td class=""a-span9""><span class=""a-size-base po-break-word"">Liquid</span></td>\n</tr>\n<tr class=""a-spacing-small po-diet_type"">\n<td class=""a-span3""><span class=""a-size-base a-text-bold"">Diet Type</span></td>\n<td class=""a-span9""><span class=""a-size-base po-break-word"">Vegetarian</span></td>\n</tr>\n<tr class=""a-spacing-small po-item_package_weight"">\n<td class=""a-span3""><span class=""a-size-base a-text-bold"">Package Weight</span></td>\n<td class=""a-span9""><span class=""a-size-base po-break-word"">1 Kilograms</span></td>\n</tr>\n<tr class=""a-spacing-small po-variety"">\n<td class=""a-span3""><span class=""a-size-base a-text-bold"">Variety</span></td>\n<td class=""a-span9""><span class=""a-size-base po-break-word"">Lentils</span></td>\n</tr>\n</tbody>\n</table>","<h1 class=""a-size-base-plus a-text-bold"">About this item</h1>\n<ul class=""a-unordered-list a-vertical a-spacing-mini"">\n 	<li class=""a-spacing-small""><span class=""a-list-item"">RICH TASTE: Fortune Chana Dal is delicious in taste</span></li>\n 	<li class=""a-spacing-small""><span class=""a-list-item"">UNPOLISHED DALS: Fortune  dals do not undergo any artificial polishing with water, oil or leather, thereby retaining their goodness and wholesome character</span></li>\n 	<li class=""a-spacing-small""><span class=""a-list-item"">5-STEP PROCESS FOR STRINGENT QUALITY CHECKS: Ensures that the grains of dal are uniform and of premium quality</span></li>\n 	<li class=""a-spacing-small""><span class=""a-list-item"">CHEF RECOMMENDED: Recommended by Chef Sanjeev Kapoor and Chef Ranveer Brar</span></li>\n 	<li class=""a-spacing-small""><span class=""a-list-item"">AMAZING RECIPES: Used in a variety of snacks, salads, soups, and many more</span></li>\n</ul>",,,taxable,,0,,,0,0,,,,,0,,98,140, DALS & PULSES,,,https://kfs24x7.com/wp-content/uploads/F142-1.jpeg,,,,,,,,,0,0,,classic-editor,1,,,0,0,default,,,,,,,,,,,,,,,,,,,,,,,,,,,,,,,,
2514,simple,F143,RAJDHANI CHANA SATTU-500 GM,1,0,visible,,"THE RIGHT TASTE...\n\nTHE RIGHT CHOICE...",,,taxable,,1,,,0,0,,,,,0,,66,80, ATTA & FLOUR,,,https://kfs24x7.com/wp-content/uploads/F143.jpeg,,,,,,,,,0,0,,,,,,,,default,,,,,,,,,,,,,,,,,,,,,,,,,,,,,,,,
2515,simple,F146,LOOSE SABUDANA-500 GM,1,0,visible,,,,,taxable,,0,,,0,0,,,,,0,,,40, VRAT & FHALAHAR,,,https://kfs24x7.com/wp-content/uploads/F146-1.jpg,,,,,,,,,0,0,,,,,,,,,,,,,,,,,,,,,,,,,,,,,,,,,,,,,,,,
2516,simple,F147,CHUK DE KALI SARSO (BLACK MUSTARD)-100 GM,1,0,visible,THE SAFEST SPICES OF INDIA,SAAF NAHI TO PAISE NAHIN OFFER,,,taxable,,1,,,0,0,,,,,0,,21.25,25, MASALA,,,https://kfs24x7.com/wp-content/uploads/F147-1.jpg,,,,,,,,,0,0,,,,,,,,,,,,,,,,,,,,,,,,,,,,,,,,,,,,,,,,
2517,simple,F148,LOOSE SAUNF MOTA-100 GM,1,0,visible,IN PACKING,IN PACKING,,,taxable,,1,,,0,0,,,,,0,,,50, MASALA,,,https://kfs24x7.com/wp-content/uploads/F148-1.jpg,,,,,,,,,0,0,,,,,,,,,,,,,,,,,,,,,,,,,,,,,,,,,,,,,,,,
2518,simple,F149,LOOSE PILA SARSO-100GM,1,0,visible,,,,,taxable,,1,,,0,0,,,,,0,,,17, MASALA,,,https://kfs24x7.com/wp-content/uploads/F149.jpg,,,,,,,,,0,0,,,,,,,,,,,,,,,,,,,,,,,,,,,,,,,,,,,,,,,,
2519,simple,F150,CATCH MEAT MASALA-50 GM,1,0,visible,"<div class=""_3LyVz"">Features\n<div class=""_2OD5p""></div>\n</div>\n<div>\n<div class=""_26MFu  "">\n<div>\n<ul>\n 	<li><span data-preserver-spaces=""true""><strong>Exotic Flavours: </strong>Catch Meat Masala is a blend of top-quality spices that can elevate the taste of any dish.</span></li>\n 	<li><span data-preserver-spaces=""true""><strong>Mouth-watering Taste:</strong> The Catch Meat Masala Powder has a lip-smacking taste that makes appetisers and curries delicious in every bite. </span></li>\n 	<li><span data-preserver-spaces=""true""><strong>Sourced From The Best Farms:</strong> Our Meat Masala Powder is prepared using spices sourced from only authentic farms in India. ·</span></li>\n 	<li><span data-preserver-spaces=""true""><strong>Premium Quality: </strong>The spices are ground to perfection with no fillers or artificial seasonings.</span></li>\n 	<li><span data-preserver-spaces=""true""><strong>Hygenic Packaging:</strong> Catch Meat Masala Powder is packed hygienically using state of the art equipment, ensuring minimal human contact. </span></li>\n 	<li><span data-preserver-spaces=""true""><strong>Try Our Other Spices:</strong> Try Catch Kitchen King Masala, Catch Chat Masala, Catch Sabzi Masala, Catch Shahi Paneer Masala, Catch Chhole Masala, Catch Raita Masala &amp; more.</span></li>\n</ul>\n</div>\n</div>\n</div>","<h1 class=""a-size-base-plus a-text-bold"">About this item</h1>\n<ul class=""a-unordered-list a-vertical a-spacing-mini"">\n 	<li><span class=""a-list-item"">Catch Meat Masala adds colour, flavour and aroma to simple mutton and raan dishes.</span></li>\n 	<li><span class=""a-list-item"">Meat masala elevates your traditional mutton dishes to give a restaurant-style taste and visual appeal.</span></li>\n 	<li><span class=""a-list-item"">This Indian masala can be used to marinate the mutton as well as for preparing the gravy.</span></li>\n 	<li><span class=""a-list-item"">It is a blended Indian spice made using Low Temperature Grinding Technology.</span></li>\n 	<li><span class=""a-list-item"">Net weight: 100 g</span></li>\n</ul>",,,taxable,,1,,,0,0,,,,,0,,36,40, MASALA,,,https://kfs24x7.com/wp-content/uploads/F150-1.jpg,,,,,,,,,0,0,,,,,,,,,,,,,,,,,,,,,,,,,,,,,,,,,,,,,,,,
2520,simple,F151,LOOSE AJWAIN-100 GM,1,0,visible,,,,,taxable,,1,,,0,0,,,,,0,,,43, MASALA,,,https://kfs24x7.com/wp-content/uploads/F151.jpg,,,,,,,,,0,0,,,,,,,,,,,,,,,,,,,,,,,,,,,,,,,,,,,,,,,,
2521,simple,F152,LOOSE PUNCHPHORAN-100GM,1,0,visible,,,,,taxable,,1,,,0,0,,,,,0,,,40, MASALA,,,https://kfs24x7.com/wp-content/uploads/F152.jpg,,,,,,,,,0,0,,,,,,,,,,,,,,,,,,,,,,,,,,,,,,,,,,,,,,,,
2522,simple,F153,LOOSE KHADA KALI MIRCH-100 GM,1,0,visible,,,,,taxable,,1,,,0,0,,,,,0,,,115, MASALA,,,https://kfs24x7.com/wp-content/uploads/F153.jpg,,,,,,,,,0,0,,,,,,,,,,,,,,,,,,,,,,,,,,,,,,,,,,,,,,,,
2523,simple,F154,BADI ELAICHI-50 GM,1,0,visible,,,,,taxable,,1,,,0,0,,,,,0,,,90, MASALA,,,https://kfs24x7.com/wp-content/uploads/F154.jpg,,,,,,,,,0,0,,,,,,,,,,,,,,,,,,,,,,,,,,,,,,,,,,,,,,,,
2524,simple,F155,LOOSE METHI DANA-100 GM,1,0,visible,,,,,taxable,,1,,,0,0,,,,,0,,,15, MASALA,,,https://kfs24x7.com/wp-content/uploads/F155-1.jpg,,,,,,,,,0,0,,,,,,,,,,,,,,,,,,,,,,,,,,,,,,,,,,,,,,,,
2570,simple,F156,LOOSE JEERA-50 GM,1,0,visible,IN PACKING,IN PACKING,,,taxable,,1,,,0,0,,,,,0,,,40, MASALA,,,https://kfs24x7.com/wp-content/uploads/18205.jpg,,,,,,,,,0,0,,,,,,,,,,,,,,,,,,,,,,,,,,,,,,,,,,,,,,,,
2571,simple,F158,VINOD WALNUT-250 GM X 4=1 KG,1,0,visible,"<h1 id=""title"" class=""a-size-large a-spacing-none""><span id=""productTitle"" class=""a-size-large product-title-word-break"">100% Natural &amp; Premium Kernel Walnuts (250 GM X 4=1 KG)</span></h1>","<h1 id=""title"" class=""a-size-large a-spacing-none""><span id=""productTitle"" class=""a-size-large product-title-word-break"">100% Natural &amp; Premium Kernel Walnuts (250 GM X 4=1 KG)</span></h1>",,,taxable,,1,,,0,0,,,,,0,,1500,2400, DRY FRUITS,,,https://kfs24x7.com/wp-content/uploads/F493.jpeg,,,,,,,,,0,0,,,,,,,,,,,,,,,,,,,,,,,,,,,,,,,,,,,,,,,,
2572,simple,F159,LOOSE PUNCHFORAN-50GM,1,0,visible,,,,,taxable,,1,,,0,0,,,,,0,,,20, MASALA,,,https://kfs24x7.com/wp-content/uploads/F159.jpg,,,,,,,,,0,0,,,,,,,,,,,,,,,,,,,,,,,,,,,,,,,,,,,,,,,,
2573,simple,F160,LOOSE LAVANG-50GM,1,0,visible,,,,,taxable,,1,,,0,0,,,,,0,,,100, MASALA,,,https://kfs24x7.com/wp-content/uploads/F160.jpg,,,,,,,,,0,0,,,,,,,,,,,,,,,,,,,,,,,,,,,,,,,,,,,,,,,,
2574,simple,F161,LOOSE RAI-50GM,1,0,visible,,,,,taxable,,1,,,0,0,,,,,0,,,10, MASALA,,,https://kfs24x7.com/wp-content/uploads/F161.jpg,,,,,,,,,0,0,,,,,,,,,,,,,,,,,,,,,,,,,,,,,,,,,,,,,,,,
2575,simple,F162,MADHUR SUGAR-1 KG,1,0,visible,,,,,taxable,,1,,,0,0,,,,,0,,55,65, SUGAR & SALT,,,https://kfs24x7.com/wp-content/uploads/F162-1.jpeg,,,,,,,,,0,0,,,,,,,,default,,,,,,,,,,,,,,,,,,,,,,,,,,,,,,,,
2576,simple,F167,LOOSE LAVANG-25GM,1,0,visible,,,,,taxable,,1,,,0,0,,,,,0,,,40, MASALA,,,https://kfs24x7.com/wp-content/uploads/F167.jpg,,,,,,,,,0,0,,,,,,,,,,,,,,,,,,,,,,,,,,,,,,,,,,,,,,,,
2577,simple,F168,BADI ELAICHI-25 GM,1,0,visible,,,,,taxable,,1,,,0,0,,,,,0,,,70, MASALA,,,https://kfs24x7.com/wp-content/uploads/F168-1.jpg,,,,,,,,,0,0,,,,,,,,,,,,,,,,,,,,,,,,,,,,,,,,,,,,,,,,
2578,simple,F169,FORTUNE SUGAR-1 KG,1,0,visible,,,,,taxable,,1,,,0,0,,,,,0,,55,65, SUGAR & SALT,,,https://kfs24x7.com/wp-content/uploads/F169-1.jpeg,,,,,,,,,0,0,,,,,,,,,,,,,,,,,,,,,,,,,,,,,,,,,,,,,,,,
2579,simple,F170,LOOSE CHANA DAL-1 KG,1,0,visible,IN PACKET,LOOSE CHANA DAL-500 GM X 2=1 KG,,,taxable,,1,,,0,0,,,,,0,,,85, DALS & PULSES,,,https://kfs24x7.com/wp-content/uploads/F170-3.jpg,,,,,,,,,0,0,,,,,,,,default,,,,,,,,,,,,,,,,,,,,,,,,,,,,,,,,
2580,simple,F171,FORTUNE EVERYDAY BASMATI RICE- 1KG,1,0,visible,PURE &amp; DELICIOUS,,,,taxable,,0,,,0,0,,,,,0,,110,149, RICE,,,https://kfs24x7.com/wp-content/uploads/F171.jpg,,,,,,,,,0,0,,,,,,,,,,,,,,,,,,,,,,,,,,,,,,,,,,,,,,,,
2581,simple,F172,NUTERELA SOYA CHUNKS-200GM,1,0,visible,100% VEGETARIAN (20% Extra),,,,taxable,,1,3,,0,0,,,,,0,,48.5,50, DALS & PULSES,,,https://kfs24x7.com/wp-content/uploads/F172.jpeg,,,,,,,,,0,0,,,,,,,,,,,,,,,,,,,,,,,,,,,,,,,,,,,,,,,,
2582,simple,F173,NUTERELA SOYA MINI CHUNKS-200GM,1,0,visible,100% VEGETARIAN (20% Extra),,,,taxable,,1,6,,0,0,,,,,0,,54,60, DALS & PULSES,,,https://kfs24x7.com/wp-content/uploads/F173.jpg,,,,,,,,,0,0,,,,,,,,,,,,,,,,,,,,,,,,,,,,,,,,,,,,,,,,
2583,simple,F174,TATA SAMPANN TURMERIC (HALDI POWDER)-100 GM,1,0,visible,TURMERIC POWDER WITH NATURAL OILS,,,,taxable,,0,0,,0,0,,,,,0,,32,36, MASALA,,,https://kfs24x7.com/wp-content/uploads/F174.jpg,,,,,,,,,0,0,,,,,,,,,,,,,,,,,,,,,,,,,,,,,,,,,,,,,,,,
2584,simple,F175,APIS HIMALAYA HONEY-500 GM,1,0,visible,THE HONEY SPECIALIST (BUY 1 GET 1 FREE),,,,taxable,,0,,,0,0,,,,,0,,200,240," HONEY, CHYAWANPRASH, HEALTH SUPPLEMENT & IMMUNITY BOOSTERS",,,https://kfs24x7.com/wp-content/uploads/F175.png,,,,,,,,,0,0,,,,,,,,,,,,,,,,,,,,,,,,,,,,,,,,,,,,,,,,
2585,simple,F176,APIS HIMALAYA HONEY-225 GM,1,0,visible,THE HONEY SPECIALIST (BUY 1 GET 1 FREE),,,,taxable,,0,,,0,0,,,,,0,,110,130," HONEY, CHYAWANPRASH, HEALTH SUPPLEMENT & IMMUNITY BOOSTERS",,,https://kfs24x7.com/wp-content/uploads/F176-1.jpg,,,,,,,,,0,0,,,,,,,,,,,,,,,,,,,,,,,,,,,,,,,,,,,,,,,,
2586,simple,F177,PATANJALI  KACHI GHANI SARSO TAIL-1 LTR,1,0,visible,SARSO TAIL,,,,taxable,,0,,,0,0,,,,,0,,195,200, OIL & GHEE,,,https://kfs24x7.com/wp-content/uploads/F177-1.jpg,,,,,,,,,0,0,,,,,,,,,,,,,,,,,,,,,,,,,,,,,,,,,,,,,,,,
2587,simple,F178,PATANJALI  CHYAWANPRASH-1KG,1,0,visible,FREE 100 GM PATANJALI HONEY,,,,taxable,,1,2,,0,0,,,,,0,,345,360," HONEY, CHYAWANPRASH, HEALTH SUPPLEMENT & IMMUNITY BOOSTERS",,,https://kfs24x7.com/wp-content/uploads/F178-1.jpg,,,,,,,,,0,0,,,,,,,,,,,,,,,,,,,,,,,,,,,,,,,,,,,,,,,,
2588,simple,F179,PATANJALI  CHYAWANPRASH-500GM,1,0,visible,FREE 50 GM PATANJALI HONEY,,,,taxable,,1,3,,0,0,,,,,0,,141,145," HONEY, CHYAWANPRASH, HEALTH SUPPLEMENT & IMMUNITY BOOSTERS",,,https://kfs24x7.com/wp-content/uploads/F179.jpeg,,,,,,,,,0,0,,,,,,,,,,,,,,,,,,,,,,,,,,,,,,,,,,,,,,,,
2589,simple,F180,PATANJALI  HONEY-500GM,1,0,visible,HONEY,,,,taxable,,1,1,,0,0,,,,,0,,199,210," HONEY, CHYAWANPRASH, HEALTH SUPPLEMENT & IMMUNITY BOOSTERS",,,https://kfs24x7.com/wp-content/uploads/F180-1.jpg,,,,,,,,,0,0,,,,,,,,,,,,,,,,,,,,,,,,,,,,,,,,,,,,,,,,
2590,simple,F181,PATANJALI  HONEY-250GM,1,0,visible,HONEY,,,,taxable,,0,,,0,0,,,,,0,,78,85," HONEY, CHYAWANPRASH, HEALTH SUPPLEMENT & IMMUNITY BOOSTERS",,,https://kfs24x7.com/wp-content/uploads/F181.png,,,,,,,,,0,0,,,,,,,,,,,,,,,,,,,,,,,,,,,,,,,,,,,,,,,,
2591,simple,F182,PATANJALI  GILOY JUICE-500ML,1,0,visible,GILOY JIUCE,,,,taxable,,1,2,,0,0,,,,,0,,,90," HONEY, CHYAWANPRASH, HEALTH SUPPLEMENT & IMMUNITY BOOSTERS",,,https://kfs24x7.com/wp-content/uploads/F182-1.png,,,,,,,,,0,0,,,,,,,,,,,,,,,,,,,,,,,,,,,,,,,,,,,,,,,,
2592,simple,F183,PATANJALI  AMLA JUICE-1 L,1,0,visible,AMLA JUICE,,,,taxable,,1,,,0,0,,,,,0,,,140," HONEY, CHYAWANPRASH, HEALTH SUPPLEMENT & IMMUNITY BOOSTERS",,,https://kfs24x7.com/wp-content/uploads/F183.jpeg,,,,,,,,,0,0,,,,,,,,,,,,,,,,,,,,,,,,,,,,,,,,,,,,,,,,
2642,simple,F184,PATANJALI  PACHAK HING GOLI-100GM,1,0,visible,PACHAK HING GOLI,,,,taxable,,0,0,,0,0,,,,,0,,85,90," HONEY, CHYAWANPRASH, HEALTH SUPPLEMENT & IMMUNITY BOOSTERS",,,https://kfs24x7.com/wp-content/uploads/F184.jpeg,,,,,,,,,0,0,,,,,,,,,,,,,,,,,,,,,,,,,,,,,,,,,,,,,,,,
2643,simple,F185,FORTUNE ARHAR DAL (UNPOLISHED)-500 GM,1,0,visible,"NUTRI LOACK UNPOLISHED DAL\n\nPRTOEEN POWER","NUTRI LOACK UNPOLISHED DAL\n\nPRTOEEN POWER",,,taxable,,0,,,0,0,,,,,0,,85,110, DALS & PULSES,,,https://kfs24x7.com/wp-content/uploads/F185.jpg,,,,,,,,,0,0,,,,,,,,default,,,,,,,,,,,,,,,,,,,,,,,,,,,,,,,,
2644,simple,F186,PATANJALI  GULAB JAL-120ML,1,0,visible,GULAB JAL,,,,taxable,,1,,,0,0,,,,,0,,25.5,28, PERSONAL CARE,,,https://kfs24x7.com/wp-content/uploads/F186.jpeg,,,,,,,,,0,0,,,,,,,,,,,,,,,,,,,,,,,,,,,,,,,,,,,,,,,,
2645,simple,F187,TATA TEA AGNI-500 GM,1,0,visible,JOSH JAGAYE HAR ROZ,STRON LEAF 10% EXTRA STRONG LEAVES,,,taxable,,1,2,,0,0,,,,,0,,134,140, TEA,,,https://kfs24x7.com/wp-content/uploads/F187-1.jpg,,,,,,,,,0,0,,,,,,,,,,,,,,,,,,,,,,,,,,,,,,,,,,,,,,,,
2646,simple,F188,PATANJALI  COW'S GHEE-1L,1,0,visible,FREE 100 GM PATANJALI SABZI MASALA,,,,taxable,,1,,,0,0,,,,,0,,655,665, OIL & GHEE,,,https://kfs24x7.com/wp-content/uploads/F188.jpeg,,,,,,,,,0,0,,,,,,,,,,,,,,,,,,,,,,,,,,,,,,,,,,,,,,,,
2647,simple,F189,PATANJALI  COW'S GHEE-500ML,1,0,visible,FREE 50 GM PATANJALI SABZI MASALA,,,,taxable,,0,,,0,0,,,,,0,,280,295, OIL & GHEE,,,https://kfs24x7.com/wp-content/uploads/F189-1.jpeg,,,,,,,,,0,0,,,,,,,,,,,,,,,,,,,,,,,,,,,,,,,,,,,,,,,,
2648,simple,F190,FORTUNE KACHI GHANI-1L,1,0,visible,PURE MUSTARD OIL,,,,taxable,,1,,,0,0,,,,,0,,168,200, OIL & GHEE,,,https://kfs24x7.com/wp-content/uploads/F190.jpeg,,,,,,,,,0,0,,,,,,,,,,,,,,,,,,,,,,,,,,,,,,,,,,,,,,,,
2649,simple,F191,FORTUNE REFINED SOYABEAN OIL-1L,1,0,visible,SOYA HEALTH,,,,taxable,,1,,,0,0,,,,,0,,135,160, OIL & GHEE,,,https://kfs24x7.com/wp-content/uploads/FORTUNE-SOYABEAN-OIL-1L.jpg,,,,,,,,,0,0,,,,,,,,default,,,,,,,,,,,,,,,,,,,,,,,,,,,,,,,,
2650,simple,F192,FORTUNE SUNFLOWER OIL-1L,1,0,visible,REFINED SUNFLOWER OIL,,,,taxable,,0,,,0,0,,,,,0,,185,225, OIL & GHEE,,,https://kfs24x7.com/wp-content/uploads/F192-1.jpeg,,,,,,,,,0,0,,,,,,,,,,,,,,,,,,,,,,,,,,,,,,,,,,,,,,,,
2651,simple,F193,FORTUNE GOLD/GROUND NUT OIL (MUNGFALI)-1L,1,0,visible,REFINED GROUNDNUT OIL,,,,taxable,,1,,,0,0,,,,,0,,221,235, OIL & GHEE,,,https://kfs24x7.com/wp-content/uploads/F193-1.jpg,,,,,,,,,0,0,,,,,,,,default,,,,,,,,,,,,,,,,,,,,,,,,,,,,,,,,
2652,simple,F194,KELLOGG'S OATS-450GM,1,0,visible,AS PART OF BALANCED DIET,,,,taxable,,0,,,0,0,,,,,0,,96.03,99," MAGGI, NOODLES, PASTA & OATS",,,https://kfs24x7.com/wp-content/uploads/F194.jpeg,,,,,,,,,0,0,,,,,,,,,,,,,,,,,,,,,,,,,,,,,,,,,,,,,,,,
2653,simple,F195,LIJJAT PAPAD-200GM,1,0,visible,PUNJABI MASALA SPECIAL PAPAD,,,,taxable,,1,,,0,0,,,,,0,,85,89," MAGGI, NOODLES, PASTA & OATS",,,https://kfs24x7.com/wp-content/uploads/F195.jpg,,,,,,,,,0,0,,,,,,,,,,,,,,,,,,,,,,,,,,,,,,,,,,,,,,,,
2654,simple,F201,TATA TEA GOLD-250 GM,1,0,visible,RICH TASTE IRRESISTIBLE AROMA,,,,taxable,,1,,,0,0,,,,,0,,175,180, TEA,,,https://kfs24x7.com/wp-content/uploads/F201.jpg,,,,,,,,,0,0,,,,,,,,default,,,,,,,,,,,,,,,,,,,,,,,,,,,,,,,,
2655,simple,F202,SAFFOLA MASALA OATS-500GM,1,0,visible,EVERYDAY PEPPY TOMATO,,,,taxable,,0,,,0,0,,,,,0,,180.5,190," MAGGI, NOODLES, PASTA & OATS",,,https://kfs24x7.com/wp-content/uploads/F202.jpg,,,,,,,,,0,0,,,,,,,,,,,,,,,,,,,,,,,,,,,,,,,,,,,,,,,,
2656,simple,F204,FORTUNE CHAKKI FRESH ATTA-10 KG,1,0,visible,CHAKKI FRESH ATTA,,,,taxable,,1,,,0,0,,,,,0,,450,469, ATTA & FLOUR,,,https://kfs24x7.com/wp-content/uploads/FORTUNE-CHAKKAI-FRESH-ATTA-10KG.jpg,,,,,,,,,0,0,,,,,,,,,,,,,,,,,,,,,,,,,,,,,,,,,,,,,,,,
2657,simple,F205,FORTUNE CHAKKI FRESH ATTA-5 KG,1,0,visible,CHAKKI FRESH ATTA,,,,taxable,,1,,,0,0,,,,,0,,225,250, ATTA & FLOUR,,,https://kfs24x7.com/wp-content/uploads/F205.jpg,,,,,,,,,0,0,,,,,,,,,,,,,,,,,,,,,,,,,,,,,,,,,,,,,,,,
2658,simple,F006,BROOKE BOND TAJ MAHAL-250 GM,1,0,visible,"<table class=""a-normal a-spacing-micro"">\n<tbody>\n<tr class=""a-spacing-small po-brand"">\n<td class=""a-span3""><span class=""a-size-base a-text-bold"">Brand</span></td>\n<td class=""a-span9""><span class=""a-size-base po-break-word"">Taj Mahal</span></td>\n</tr>\n<tr class=""a-spacing-small po-item_form"">\n<td class=""a-span3""><span class=""a-size-base a-text-bold"">Item Form</span></td>\n<td class=""a-span9""><span class=""a-size-base po-break-word"">Loose Leaf</span></td>\n</tr>\n<tr class=""a-spacing-small po-tea_variety"">\n<td class=""a-span3""><span class=""a-size-base a-text-bold"">Tea Variety</span></td>\n<td class=""a-span9""><span class=""a-size-base po-break-word"">Green</span></td>\n</tr>\n<tr class=""a-spacing-small po-unit_count"">\n<td class=""a-span3""><span class=""a-size-base a-text-bold"">Net Quantity</span></td>\n<td class=""a-span9""><span class=""a-size-base po-break-word"">250.0 gram</span></td>\n</tr>\n<tr class=""a-spacing-small po-number_of_items"">\n<td class=""a-span3""><span class=""a-size-base a-text-bold"">Number of Items</span></td>\n<td class=""a-span9""><span class=""a-size-base po-break-word"">1</span></td>\n</tr>\n<tr class=""a-spacing-small po-specialty"">\n<td class=""a-span3""><span class=""a-size-base a-text-bold"">Speciality</span></td>\n<td class=""a-span9""><span class=""a-size-base po-break-word"">Vegetarian</span></td>\n</tr>\n</tbody>\n</table>","<h1 class=""a-size-base-plus a-text-bold"">About this item</h1>\n<ul class=""a-unordered-list a-vertical a-spacing-mini"">\n 	<li class=""a-spacing-small""><span class=""a-list-item"">Exclusive blend of teas that gives you exquisite aroma and taste</span></li>\n 	<li class=""a-spacing-small""><span class=""a-list-item"">Cheer your senses as you experience the exclusively selected Brooke Bond Taj Mahal tea</span></li>\n 	<li class=""a-spacing-small""><span class=""a-list-item"">Blended Since 1966</span></li>\n 	<li class=""a-spacing-small""><span class=""a-list-item"">A cup of Taj Mahal tea invites you to cheer your senses</span></li>\n</ul>",,,taxable,,1,,,0,0,,,,,1,,,168, TEA,,,https://kfs24x7.com/wp-content/uploads/F006-1.jpg,,,,,,,,,0,0,,classic-editor,1,,,0,0,,,,,,,,,,,,,,,,,,,,,,,,,,,,,,,,,
2659,simple,F206,CLOSEUP-150GMX2,1,1,visible,SAVE RS.20/ 2X150GM,,,,taxable,,1,,,0,0,,,,,1,,140,150, PERSONAL CARE,,,https://kfs24x7.com/wp-content/uploads/F206.jpg,,,,,,,,,0,0,,,,,,,,,,,,,,,,,,,,,,,,,,,,,,,,,,,,,,,,
2660,simple,F207,PATANJALI DANT KANTI-200GM,1,1,visible,FREE BOROSAFE ANTISEPTIC CREAM-12GM,,,,taxable,,1,,,0,0,,,,,1,,110,115, PERSONAL CARE,,,https://kfs24x7.com/wp-content/uploads/F207.jpg,,,,,,,,,0,0,,,,,,,,,Size,"250G, 100G",1,0,,,,,,,,,,,,,,,,,,,,,,,,,,,,
2661,simple,F208,COLGATE VISIBLE WHITE-100GM,1,1,visible,FREE LOREAL SHAMPOO 4SACHETS WORTH RS.20,,,,taxable,,1,,,0,0,,,,,0,,95,99, PERSONAL CARE,,,https://kfs24x7.com/wp-content/uploads/F208.jpg,,,,,,,,,1,0,,,,,,,,,Size,250G,0,0,,,,,,,,,,,,,,,,,,,,,,,,,,,,
2662,simple,F209,COLGATE STORNG TEETH-100GM,1,1,visible,DENTAL CREAM ANTICAVITY TOOTHPASTE,,,,taxable,,1,,,0,0,,,,,0,,49,52, PERSONAL CARE,,,https://kfs24x7.com/wp-content/uploads/F209.jpg,,,,,,,,,2,0,,,,,,,,,Size,100G,0,0,,,,,,,,,,,,,,,,,,,,,,,,,,,,
2663,simple,F210,COLGATE STORNG TEETH-200GM,1,1,visible,DENTAL CREAM ANTICAVITY TOOTHPASTE,,,,taxable,,1,,,0,0,,,,,1,,91,95, PERSONAL CARE,,,https://kfs24x7.com/wp-content/uploads/F210.jpg,,,,,,,,,0,0,,,,,,,,,Size,"250G, 500G, 1KG",1,0,,,,,,,,,,,,,,,,,,,,,,,,,,,,
2664,simple,F211,PATANJALI DANT KANTI-100GM,1,1,visible,MEDICATED ORAL GEL,,,,taxable,,1,,,0,0,,,,,0,,56,60, PERSONAL CARE,,,https://kfs24x7.com/wp-content/uploads/F211.jpg,,,,,,,,,1,0,,,,,,,,,Size,250G,0,0,,,,,,,,,,,,,,,,,,,,,,,,,,,,
2665,simple,F212,PATANJALI DANT KANTI-100GM,1,1,visible,ADVANCED (FREE 50GM DANT KANTI ADVANCED DENTAL CREAM RS.50,,,,taxable,,0,,,0,0,,,,,0,,100,105, PERSONAL CARE,,,https://kfs24x7.com/wp-content/uploads/F212.jpg,,,,,,,,,2,0,,,,,,,,,Size,500G,0,0,,,,,,,,,,,,,,,,,,,,,,,,,,,,
2666,simple,F213,DABUR RED-200GM,1,1,visible,PASTE FOR TEETH & GUMS,,,,taxable,,1,,,0,0,,,,,0,,90,97, PERSONAL CARE,,,https://kfs24x7.com/wp-content/uploads/F213.jpg,,,,,,,,,3,0,,,,,,,,,Size,1KG,0,0,,,,,,,,,,,,,,,,,,,,,,,,,,,,
2667,simple,F214,PATANJALI DANT KANTI-400GM,1,1,visible,NATURAL TOOTHPASTE (FREE 100GM DANT KANTI TOOTHPASTE,,,,taxable,,0,,,0,0,,,,,0,,165,170, PERSONAL CARE,,,https://kfs24x7.com/wp-content/uploads/F214.jpg,,,,,,,,,0,0,,,,,,,,,,,,,,,,,,,,,,,,,,,,,,,,,,,,,,,,
2722,simple,F215,HIMALAYA  TOOTHPASTE-80GM,1,1,visible,COMPLETE CARE TOOTPASTE,,,,taxable,,1,,,0,0,,,,,0,,56,59, PERSONAL CARE,,,https://kfs24x7.com/wp-content/uploads/F215.jpg,,,,,,,,,0,0,,,,,,,,,,,,,,,,,,,,,,,,,,,,,,,,,,,,,,,,
2723,simple,F216,PATANJALI DANT KANTI-100GM,1,1,visible,NATURAL TOOTHPASTE,,,,taxable,,1,,,0,0,,,,,0,,57,60, PERSONAL CARE,,,https://kfs24x7.com/wp-content/uploads/F216.jpg,,,,,,,,,0,0,,,,,,,,,,,,,,,,,,,,,,,,,,,,,,,,,,,,,,,,
2724,simple,F217,SENSODYNE FRESH GEL-75 GM,1,1,visible,"FRESH GEL, EVERYDAY COOL FRESHNESS",,,,taxable,,1,,,0,0,,,,,0,,115,120, PERSONAL CARE,,,https://kfs24x7.com/wp-content/uploads/F217.jpg,,,,,,,,,0,0,,,,,,,,,,,,,,,,,,,,,,,,,,,,,,,,,,,,,,,,
2725,simple,F218,DABUR RED-100GM,1,1,visible,PASTE FOR TEETH & GUMS,,,,taxable,,1,,,0,0,,,,,0,,45,52, PERSONAL CARE,,,https://kfs24x7.com/wp-content/uploads/F218.jpg,,,,,,,,,0,0,,,,,,,,,,,,,,,,,,,,,,,,,,,,,,,,,,,,,,,,
2726,simple,F219,CLEAN & CLEAR -50ML FOAMING FACE WASH,1,1,visible,"OIL FREE-GENTLY REMOVES DIRT, OIL & PIMPLE-CAUSING GERMS",,,,taxable,,1,,,0,0,,,,,0,,66.5,70, PERSONAL CARE,,,https://kfs24x7.com/wp-content/uploads/F219.jpg,,,,,,,,,0,0,,,,,,,,,,,,,,,,,,,,,,,,,,,,,,,,,,,,,,,,
2727,simple,F220,CLEAN & CLEAR -100ML FOAMING FACE WASH,1,1,visible,"OIL FREE-GENTLY REMOVES DIRT, OIL & PIMPLE-CAUSING GERMS",,,,taxable,,1,,,0,0,,,,,0,,123.5,130, PERSONAL CARE,,,https://kfs24x7.com/wp-content/uploads/F220.jpg,,,,,,,,,0,0,,,,,,,,,,,,,,,,,,,,,,,,,,,,,,,,,,,,,,,,
2728,simple,F224,CHUK DE SABUT GARAM MASALA (WHOLE)-100 GM,1,1,visible,THE SAFEST SPICES OF INDIA,Saaf Nahin to Paise Nahin,,,taxable,,1,,,0,0,,,,,0,,135,150, MASALA,,,https://kfs24x7.com/wp-content/uploads/F224-1.jpg,,,,,,,,,0,0,,,,,,,,,,,,,,,,,,,,,,,,,,,,,,,,,,,,,,,,
2729,simple,F225,BAJAJ ALMOND DROPS-190 ML,1,1,visible,,,,,taxable,,1,,,0,0,,,,,0,,132,138, PERSONAL CARE,,,https://kfs24x7.com/wp-content/uploads/F225.jpeg,,,,,,,,,0,0,,,,,,,,,,,,,,,,,,,,,,,,,,,,,,,,,,,,,,,,
2730,simple,F226,DOVE INTENSE REPAIR SHAMPOO- 340 ML,1,1,visible,,,,,taxable,,1,,,0,0,,,,,0,,283,315, PERSONAL CARE,,,https://kfs24x7.com/wp-content/uploads/F226-1.jpg,,,,,,,,,0,0,,,,,,,,,,,,,,,,,,,,,,,,,,,,,,,,,,,,,,,,
2731,simple,F230,DOVE DAILY SHINE SHAMPOO-340 ML,1,1,visible,,,,,taxable,,1,,,0,0,,,,,0,,460,490, PERSONAL CARE,,,https://kfs24x7.com/wp-content/uploads/F230-1.jpg,,,,,,,,,0,0,,,,,,,,,,,,,,,,,,,,,,,,,,,,,,,,,,,,,,,,
2732,simple,F231,VASELINE DEEP RESTORE BODY LOTION -400ML,1,1,visible,FREE POND'S COLD CREAM 55ML,,,,taxable,,1,,,0,0,,,,,0,,350,400, PERSONAL CARE,,,https://kfs24x7.com/wp-content/uploads/images28829.jpeg,,,,,,,,,0,0,,,,,,,,,,,,,,,,,,,,,,,,,,,,,,,,,,,,,,,,
2733,simple,F232,NIVEA BODY LOTION MILK SHEA SMOOTH-200ML,1,1,visible,48H DEEP MOISTURE INCLUDING DEEP MOISTURE CARE (DRY SKIN),,,,taxable,,1,,,0,0,,,,,0,,230.4,240, PERSONAL CARE,,,https://kfs24x7.com/wp-content/uploads/F232.jpg,,,,,,,,,0,0,,,,,,,,,,,,,,,,,,,,,,,,,,,,,,,,,,,,,,,,
2734,simple,F233,NIVEA BODY LOTION ALOE HYDRATION-200ML,1,1,visible,48H REFRESHING MISTURE CARE (NORMAL SKIN)-RS.40 OFF,,,,taxable,,1,,,0,0,,,,,0,,220,235, PERSONAL CARE,,,https://kfs24x7.com/wp-content/uploads/F233.jpg,,,,,,,,,0,0,,,,,,,,,,,,,,,,,,,,,,,,,,,,,,,,,,,,,,,,
2735,simple,F234,VASELINE DEEP RESTORE BODY LOTION-100ML,1,1,visible,DEEP MOISTURE WITH PURE OAT EXTRACT (DRY SKIN),,,,taxable,,1,,,0,0,,,,,0,,85,90, PERSONAL CARE,,,https://kfs24x7.com/wp-content/uploads/F234.jpg,,,,,,,,,0,0,,,,,,,,,,,,,,,,,,,,,,,,,,,,,,,,,,,,,,,,
2736,simple,F235,POND'S TRIPLE VITAMIN-100ML,1,1,visible,SILKY SMOOTH SKIN MOISTURISING LOTION,,,,taxable,,1,,,0,0,,,,,0,,76.8,80, PERSONAL CARE,,,https://kfs24x7.com/wp-content/uploads/F235.jpg,,,,,,,,,0,0,,,,,,,,,,,,,,,,,,,,,,,,,,,,,,,,,,,,,,,,
2737,simple,F236,PATANJALI HALDI CHANDAN KANTI BODY SOAP-75GMX4,1,1,visible,CLEANSE AND PURIFYING THE SKIN,,,,taxable,,1,,,0,0,,,,,0,,53,55, PERSONAL CARE,,,https://kfs24x7.com/wp-content/uploads/F236.png,,,,,,,,,0,0,,,,,,,,,,,,,,,,,,,,,,,,,,,,,,,,,,,,,,,,
2738,simple,F237,PATANJALI HALDI CHANDAN KANTI BODY SOAP-75GM,1,1,visible,CLEANSE AND PURIFYING THE SKIN,,,,taxable,,1,,,0,0,,,,,0,,19,20, PERSONAL CARE,,,https://kfs24x7.com/wp-content/uploads/F237.jpg,,,,,,,,,0,0,,,,,,,,,,,,,,,,,,,,,,,,,,,,,,,,,,,,,,,,
2739,simple,F238,PATANJALI AQUA FRESH BODY SOAP-75GM,1,1,visible,TO ENHANCE THE NATURAL BEAUTY AND GLOW OF SKIN,,,,taxable,,1,,,0,0,,,,,0,,24.25,25, PERSONAL CARE,,,https://kfs24x7.com/wp-content/uploads/F238.jpg,,,,,,,,,0,0,,,,,,,,,,,,,,,,,,,,,,,,,,,,,,,,,,,,,,,,
2740,simple,F239,PATANJALI ALOEVERA KANTI SHOP-75GM,1,1,visible,MOISTURIZING & REFRESHING THE SKIN,,,,taxable,,1,,,0,0,,,,,0,,13.6,15, PERSONAL CARE,,,https://kfs24x7.com/wp-content/uploads/F239.jpg,,,,,,,,,0,0,,,,,,,,,,,,,,,,,,,,,,,,,,,,,,,,,,,,,,,,
2741,simple,F240,PATANJALI NEEM KANTI SOAP-100GM,1,1,visible,PURIFYING REFRESHING AND PROTECTS FROM GERMS,,,,taxable,,1,,,0,0,,,,,0,,,22, PERSONAL CARE,,,https://kfs24x7.com/wp-content/uploads/F240.jpg,,,,,,,,,0,0,,,,,,,,,,,,,,,,,,,,,,,,,,,,,,,,,,,,,,,,
2742,simple,F241,PATANJALI NEEM KANTI SOAP-150GM,1,1,visible,PURIFYING REFRESHING AND PROTECTS FROM GERMS,,,,taxable,,1,,,0,0,,,,,0,,,30, PERSONAL CARE,,,https://kfs24x7.com/wp-content/uploads/F241.jpg,,,,,,,,,0,0,,,,,,,,,,,,,,,,,,,,,,,,,,,,,,,,,,,,,,,,
2743,simple,F242,PATANJALI NEEM KANTI SOAP-75GM,1,1,visible,PURIFYING REFRESHING AND PROTECTS FROM GERMS,,,,taxable,,1,,,0,0,,,,,0,,13.5,15, PERSONAL CARE,,,https://kfs24x7.com/wp-content/uploads/F242.jpg,,,,,,,,,0,0,,,,,,,,,,,,,,,,,,,,,,,,,,,,,,,,,,,,,,,,
2744,simple,F243,PATANJALI SUANDARYA BODY SOAP-75GM,1,1,visible,MYSORE SUPER SANDAL BODY CLEANSER FOR HEALTHY &amp; FAIR SKIN,,,,taxable,,1,,,0,0,,,,,0,,36,40, PERSONAL CARE,,,https://kfs24x7.com/wp-content/uploads/F243.jpg,,,,,,,,,0,0,,,,,,,,,,,,,,,,,,,,,,,,,,,,,,,,,,,,,,,,
2745,simple,F244,SAVLON BATH SOAP-75GMX4,1,1,visible,GLYCERIN (3+1 FREE),,,,taxable,,1,,,0,0,,,,,0,,89.28,93, PERSONAL CARE,,,https://kfs24x7.com/wp-content/uploads/F244.jpg,,,,,,,,,0,0,,,,,,,,,,,,,,,,,,,,,,,,,,,,,,,,,,,,,,,,
2746,simple,F270,DETTOL ICE COOL BATH SOAP-100GMX4,1,1,visible,INTENSE COOL 2X MENTHOL,Buy 3 get 1 free,,,taxable,,1,,,0,0,,,,,0,,,145, PERSONAL CARE,,,https://kfs24x7.com/wp-content/uploads/F245.jpg,,,,,,,,,0,0,,,,,,,,,,,,,,,,,,,,,,,,,,,,,,,,,,,,,,,,
2747,simple,F246,DOVE BATH SOAP-100GM,1,1,visible,CREAM BEAUTY BATHING BAR,,,,taxable,,1,,,0,0,,,,,0,,,57, PERSONAL CARE,,,https://kfs24x7.com/wp-content/uploads/F246.jpg,,,,,,,,,0,0,,,,,,,,,,,,,,,,,,,,,,,,,,,,,,,,,,,,,,,,
2748,simple,F247,PEARS BATH SOAP-125 GM,1,1,visible,PURE AND GENTLE,,,,taxable,,1,,,0,0,,,,,0,,,83, PERSONAL CARE,,,https://kfs24x7.com/wp-content/uploads/F247.jpg,,,,,,,,,0,0,,,,,,,,,,,,,,,,,,,,,,,,,,,,,,,,,,,,,,,,
2799,simple,F248,HIMALAYA  GENTLE BABY BATH SOAP-75GM,1,1,visible,GENTLY CLEANSES BABY'S SKIN,,,,taxable,,1,,,0,0,,,,,0,,46.08,48, BABY CARE,,,https://kfs24x7.com/wp-content/uploads/F248-1.jpg,,,,,,,,,0,0,,,,,,,,,,,,,,,,,,,,,,,,,,,,,,,,,,,,,,,,
2800,simple,F249,HIMALAYA  NEEM FACE WASH-100ML,1,1,visible,PURIFIES SKIN IN ALL SKIN TYPES,,,,taxable,,1,,,0,0,,,,,0,,108,120, PERSONAL CARE,,,https://kfs24x7.com/wp-content/uploads/F249.jpg,,,,,,,,,0,0,,,,,,,,,,,,,,,,,,,,,,,,,,,,,,,,,,,,,,,,
2801,simple,F250,HIMALAYA  NEEM FACE WASH-50ML,1,1,visible,PURIFIES SKIN IN ALL SKIN TYPES,,,,taxable,,1,,,0,0,,,,,0,,58,65, PERSONAL CARE,,,https://kfs24x7.com/wp-content/uploads/F250.jpg,,,,,,,,,0,0,,,,,,,,,,,,,,,,,,,,,,,,,,,,,,,,,,,,,,,,
2802,simple,F251,GLOW & LOVELY-25GM,1,1,visible,ADVANCED MULTI VITAMIN,,,,taxable,,1,,,0,0,,,,,0,,51.84,54, PERSONAL CARE,,,https://kfs24x7.com/wp-content/uploads/F251.jpg,,,,,,,,,0,0,,,,,,,,,,,,,,,,,,,,,,,,,,,,,,,,,,,,,,,,
2803,simple,F252,BORO PLUS-80 ML,1,1,visible,ANTISEPTIC CREAM 24HR MOISTURISATION,,,,taxable,,1,,,0,0,,,,,0,,121.25,125, PERSONAL CARE,,,https://kfs24x7.com/wp-content/uploads/18360.jpg,,,,,,,,,0,0,,,,,,,,,,,,,,,,,,,,,,,,,,,,,,,,,,,,,,,,
2804,simple,F253,NIVEA SOFT CREAM-50ML,1,1,visible,VITAMIN E LIGHT MOISTURISER,,,,taxable,,1,,,0,0,,,,,0,,130,138, PERSONAL CARE,,,https://kfs24x7.com/wp-content/uploads/F253.jpg,,,,,,,,,0,0,,,,,,,,,,,,,,,,,,,,,,,,,,,,,,,,,,,,,,,,
2805,simple,F254,POND'S WHITE BEAUTY FACE WASH-50GM,1,1,visible,SPOT-LESS FAIRNESS,,,,taxable,,1,,,0,0,,,,,0,,75.84,79, PERSONAL CARE,,,https://kfs24x7.com/wp-content/uploads/F254.jpg,,,,,,,,,0,0,,,,,,,,,,,,,,,,,,,,,,,,,,,,,,,,,,,,,,,,
2806,simple,F255,NIVEA CREAM-60ML,1,1,visible,NIVEA CREAM-60ML,,,,taxable,,1,,,0,0,,,,,0,,95.04,99, PERSONAL CARE,,,https://kfs24x7.com/wp-content/uploads/F255.jpg,,,,,,,,,0,0,,,,,,,,,,,,,,,,,,,,,,,,,,,,,,,,,,,,,,,,
2807,simple,F256,NIVEA CREAM-30ML,1,1,visible,NIVEA CREAM-30ML,,,,taxable,,1,,,0,0,,,,,0,,52.8,55, PERSONAL CARE,,,https://kfs24x7.com/wp-content/uploads/F256.jpg,,,,,,,,,0,0,,,,,,,,,,,,,,,,,,,,,,,,,,,,,,,,,,,,,,,,
2808,simple,F257,CATCH GARAM MASALA-50 GM,1,1,visible,"<h1 class=""a-size-base-plus a-text-bold"">About this item</h1>\n<ul class=""a-unordered-list a-vertical a-spacing-mini"">\n 	<li><span class=""a-list-item"">Catch Garam Masala is used extensively in Indian cuisine to add colour, flavourful aroma and an earthy-spiciness to vegetables, meats, curries and gravies.</span></li>\n 	<li><span class=""a-list-item"">Garam masala is a staple Indian masala found in all kitchens.</span></li>\n 	<li><span class=""a-list-item"">Garam masala can be combined with any other Indian spices for a stronger taste.</span></li>\n 	<li><span class=""a-list-item"">This is a Jain product.</span>\n<ul class=""a-unordered-list a-vertical a-spacing-mini"">\n 	<li><span class=""a-list-item"">Net weight: 50 gm</span></li>\n</ul>\n</li>\n</ul>","<div class=""_3LyVz"">Features\n<div class=""_2OD5p""></div>\n</div>\n<div>\n<div class=""_26MFu  "">\n<div>\n\n• Authentic Blend of Spices: Catch Garam Masala is the perfect blend of rich &amp; authentic spices blended together to enhance the flavour of rajma and give it a signature taste &amp; aroma.\n\n• Sourced from the Best Farms: Catch Gram Masala ingredients are sourced from the best farms at prime spice growing locations in India.\n\n• LTG Technology: Catch spices are prepared using Low-Temperature Grinding Technology, ensuring better retention of natural oils and flavours in spices.\n\n• Packed Hygienically: Catch spices are packed using state-of-the-art equipment, ensuring minimal human contact.\n\n</div>\n</div>\n</div>",,,taxable,,1,,,0,0,,,,,0,,38,42, MASALA,,,https://kfs24x7.com/wp-content/uploads/F257-1.jpg,,,,,,,,,0,0,,,,,,,,,,,,,,,,,,,,,,,,,,,,,,,,,,,,,,,,
2809,simple,F258,PANTENE TOTAL DAMAGE HAIR SHAMPOO-180ML,1,1,visible,ADVANCED HAIRFALL SOLUTION+TOTAL DAMAGE CARE,,,,taxable,,1,1,,0,0,,,,,0,,115.2,120, PERSONAL CARE,,,https://kfs24x7.com/wp-content/uploads/F258-1.jpg,,,,,,,,,0,0,,,,,,,,,,,,,,,,,,,,,,,,,,,,,,,,,,,,,,,,
2810,simple,F259,PANTENE SILKY SMOOTH CARE-180ML,1,1,visible,ADVANCED HAIRFALL SOLUTION+SILKY SMOOTH CARE,,,,taxable,,1,1,,0,0,,,,,0,,110.4,115, PERSONAL CARE,,,https://kfs24x7.com/wp-content/uploads/F259.jpg,,,,,,,,,0,0,,,,,,,,,,,,,,,,,,,,,,,,,,,,,,,,,,,,,,,,
2811,simple,F260,SUNSILK STUNNING BLACK SHINE SHAMPOO-180ML,1,1,visible,HAIR THAT SHINES LIKE YOU DO,,,,taxable,,1,1,,0,0,,,,,0,,91.2,95, PERSONAL CARE,,,https://kfs24x7.com/wp-content/uploads/F260.bmp,,,,,,,,,0,0,,,,,,,,,,,,,,,,,,,,,,,,,,,,,,,,,,,,,,,,
2812,simple,F261,SUNSILK NOURISHING SOFT & SMOOHT SHAMPOO-180ML,1,1,visible,"SILKY, SMOOTH HAIR WONDERFUL TO TOUCH (SUNSILK 80ML CONDITIONER FREE)",,,,taxable,,1,1,,0,0,,,,,0,,89,95, PERSONAL CARE,,,https://kfs24x7.com/wp-content/uploads/F261.jpg,,,,,,,,,0,0,,,,,,,,,,,,,,,,,,,,,,,,,,,,,,,,,,,,,,,,
2813,simple,F262,SUNSILK THIK & LONG SHAMPOO-180ML,1,1,visible,VISIBLY THIKER HAIR THAT BOUNCES WITH YOU (SUNSILK 80ML CONDITIONER FREE),,,,taxable,,1,3,,0,0,,,,,0,,89,95, PERSONAL CARE,,,https://kfs24x7.com/wp-content/uploads/F262-1.jpg,,,,,,,,,0,0,,,,,,,,,,,,,,,,,,,,,,,,,,,,,,,,,,,,,,,,
2814,simple,F263,DOVE DAILY SHINE SHAMPOO-180 ML,1,1,visible,FOR DULL HAIR,,,,taxable,,1,,,0,0,,,,,0,,,170, PERSONAL CARE,,,https://kfs24x7.com/wp-content/uploads/F263.jpg,,,,,,,,,0,0,,,,,,,,,,,,,,,,,,,,,,,,,,,,,,,,,,,,,,,,
2815,simple,F264,DOVE HAIR FALL RESCUE SHAMPOO-340 ML,1,1,visible,HAIR FALL RESCUE,,,,taxable,,1,,,0,0,,,,,0,,399,435, PERSONAL CARE,,,https://kfs24x7.com/wp-content/uploads/F264.jpg,,,,,,,,,0,0,,,,,,,,,,,,,,,,,,,,,,,,,,,,,,,,,,,,,,,,
2816,simple,F265,DOVE INTENSE REPAIR SHAMPOO-80 ML,1,1,visible,INTENSE REPAIR ,,,,taxable,,1,1,,0,0,,,,,0,,,55, PERSONAL CARE,,,https://kfs24x7.com/wp-content/uploads/F265.jpg,,,,,,,,,0,0,,,,,,,,,,,,,,,,,,,,,,,,,,,,,,,,,,,,,,,,
2817,simple,F266,CLINIC PLUS STRONG & LONG HAIR SHAMPOO-175ML,1,1,visible,<p>STRONG &#038; LONG HAIR</p>\n,,,,taxable,,1,,,0,0,,,,,0,,110,115, PERSONAL CARE,,,https://kfs24x7.com/wp-content/uploads/F266.jpg,,,,,,,,,0,0,,,,,,,,,,,,,,,,,,,,,,,,,,,,,,,,,,,,,,,,
2818,simple,F267,KESH KING ANTI HAIRFALL SHAMPOO-200ML,1,1,visible,SCALP AND HAIR MEDICINE,,,,taxable,,0,,,0,0,,,,,0,,115.2,120, PERSONAL CARE,,,https://kfs24x7.com/wp-content/uploads/F267.jpg,,,,,,,,,0,0,,,,,,,,,,,,,,,,,,,,,,,,,,,,,,,,,,,,,,,,
2819,simple,F271,HIMALAYA GENTLE BABY WASH-200ML,1,1,visible,GENTLY CLEANSES BABY'S SKIN,,,,taxable,,1,,,0,0,,,,,0,,135,145, BABY CARE,,,https://kfs24x7.com/wp-content/uploads/F271-1.jpg,,,,,,,,,0,0,,,,,,,,,,,,,,,,,,,,,,,,,,,,,,,,,,,,,,,,
2820,simple,F272,HIMALAYA GENTLE BABY SHAMPOO-200 ML,1,1,visible,FREE FROM PARABENS SLS/SLES SYNTHETIC COLOURS,,,,taxable,,1,,,0,0,,,,,0,,153,170, BABY CARE,,,https://kfs24x7.com/wp-content/uploads/F272-1.jpg,,,,,,,,,0,0,,,,,,,,,,,,,,,,,,,,,,,,,,,,,,,,,,,,,,,,
2821,simple,F273,HIMALAYA BABY CREAM-100ML,1,1,visible,EXTRA SOFT & GENTLE,,,,taxable,,1,,,0,0,,,,,0,,190,200, BABY CARE,,,https://kfs24x7.com/wp-content/uploads/F273-1.jpg,,,,,,,,,0,0,,,,,,,,,,,,,,,,,,,,,,,,,,,,,,,,,,,,,,,,
2822,simple,F274,HIMALAYA BABY POWDER-100GM,1,1,visible,FREE FROM PARABENS SLS/SLES SYNTHETIC COLOURS,,,,taxable,,1,,,0,0,,,,,0,,65.1,70, BABY CARE,,,https://kfs24x7.com/wp-content/uploads/F274.jpg,,,,,,,,,0,0,,,,,,,,,,,,,,,,,,,,,,,,,,,,,,,,,,,,,,,,
2823,simple,F275,HIMALAYA BABY LOTION-100ML,1,1,visible,FREE FROM PARABENS SLS/SLES SYNTHETIC COLOURS,,,,taxable,,0,,,0,0,,,,,0,,83.7,90, BABY CARE,,,https://kfs24x7.com/wp-content/uploads/F275-1.jpg,,,,,,,,,0,0,,,,,,,,,,,,,,,,,,,,,,,,,,,,,,,,,,,,,,,,
2876,simple,F276,AMUL LASSI-250 ML,1,1,visible,<p>INER STRENGTH FORMULA</p>\n,,,,taxable,,1,,,0,0,,,,,0,,,22," DRINKS & BREWERIES,  HEALTH DRINK",,,https://kfs24x7.com/wp-content/uploads/32942.jpg,,,,,,,,,0,0,,,,,,,,,,,,,,,,,,,,,,,,,,,,,,,,,,,,,,,,
2877,simple,F277,LAKME PEACH MILK MOISTURISER-120ML,1,1,visible,MOISTURISER FOR ALL SKIN TYPE,,,,taxable,,1,,,0,0,,,,,0,,194.03,199, PERSONAL CARE,,,https://kfs24x7.com/wp-content/uploads/F277.jpg,,,,,,,,,0,0,,,,,,,,,,,,,,,,,,,,,,,,,,,,,,,,,,,,,,,,
2878,simple,F278,EVEREST HINGRAJ POWDER-50GM,1,1,visible,BAANDHANI HING,,,,taxable,,1,,,0,0,,,,,0,,127,143, MASALA,,,https://kfs24x7.com/wp-content/uploads/F278-2.jpg,,,,,,,,,0,0,,,,,,,,,,,,,,,,,,,,,,,,,,,,,,,,,,,,,,,,
2879,simple,F280,GOOD NIGHT GOLD FLASH COMBO,1,1,visible,REFIIL & MACHINE (COMBO),,,,taxable,,0,,,0,0,,,,,0,,86.78,89, INDORE INSECT & PEST CONTROL,,,https://kfs24x7.com/wp-content/uploads/F280-1.jpg,,,,,,,,,0,0,,,,,,,,,,,,,,,,,,,,,,,,,,,,,,,,,,,,,,,,
2880,simple,F281,GOOD NIGHT COIL-14 NUMBER OF COIL,1,1,visible,MAHA JUMBO COIL,,,,taxable,,0,,,0,0,,,,,0,,33.15,34, INDORE INSECT & PEST CONTROL,,,https://kfs24x7.com/wp-content/uploads/F281-2.jpg,,,,,,,,,0,0,,,,,,,,,,,,,,,,,,,,,,,,,,,,,,,,,,,,,,,,
2881,simple,F282,ALL OUT ULTRA COMBO,1,1,visible,REFIIL & MACHINE (COMBO),,,,taxable,,1,,,0,0,,,,,0,,90,95, INDORE INSECT & PEST CONTROL,,,https://kfs24x7.com/wp-content/uploads/F282.png,,,,,,,,,0,0,,,,,,,,,,,,,,,,,,,,,,,,,,,,,,,,,,,,,,,,
2882,simple,F283,ALL OUT ULTRA REFIIL-45ML,1,1,visible,REFILIL,,,,taxable,,1,,,0,0,,,,,0,,,80, INDORE INSECT & PEST CONTROL,,,https://kfs24x7.com/wp-content/uploads/F283-1.jpg,,,,,,,,,0,0,,,,,,,,,,,,,,,,,,,,,,,,,,,,,,,,,,,,,,,,
2883,simple,F284,JOHNSON & JOHNSON BABY OIL-100ML,1,1,visible,WITH VITAMIN E,,,,taxable,,1,,,0,0,,,,,0,,100,110, BABY CARE,,,https://kfs24x7.com/wp-content/uploads/F284.jpg,,,,,,,,,0,0,,,,,,,,,,,,,,,,,,,,,,,,,,,,,,,,,,,,,,,,
2884,simple,F387,RAJDHANI DALIYA-500 GM,1,1,visible,MADE FROM NATURE'S BEST WHOLE WHEAT GRAINS!,,,,taxable,,1,,,0,0,,,,,0,,36,43, ATTA & FLOUR,,,https://kfs24x7.com/wp-content/uploads/F387.jpg,,,,,,,,,0,0,,,,,,,,,,,,,,,,,,,,,,,,,,,,,,,,,,,,,,,,
2885,simple,F288,DABUR CHYAWANPRAKASH SUGARFREE-500GM,1,1,visible,SAFE FOR DIABETICS,,,,taxable,,1,1,,0,0,,,,,0,,195,210," HONEY, CHYAWANPRASH, HEALTH SUPPLEMENT & IMMUNITY BOOSTERS",,,https://kfs24x7.com/wp-content/uploads/F288.jpg,,,,,,,,,0,0,,,,,,,,,,,,,,,,,,,,,,,,,,,,,,,,,,,,,,,,
2886,simple,F289,BAIDYANATH CHYAWANPRAKASH SPECIAL-500GM,1,1,visible,75GM FREE IN THIS PACK,,,,taxable,,1,3,,0,0,,,,,0,,168,185," HONEY, CHYAWANPRASH, HEALTH SUPPLEMENT & IMMUNITY BOOSTERS",,,https://kfs24x7.com/wp-content/uploads/F289.jpg,,,,,,,,,0,0,,,,,,,,,,,,,,,,,,,,,,,,,,,,,,,,,,,,,,,,
2887,simple,F453,NATURE FRESH ACTI-LITE REFINED SOYABIN OIL-1L,1,1,visible,15% LOWER OIL ABSORPTION,,,,taxable,,0,,,0,0,,,,,0,,173,185, OIL & GHEE,,,https://kfs24x7.com/wp-content/uploads/F453.jpg,,,,,,,,,0,0,,,,,,,,,,,,,,,,,,,,,,,,,,,,,,,,,,,,,,,,
2888,simple,F292,TOP TASTE PLAIN NOODLES-775GM,1,1,visible,PLAIN NODLES,,,,taxable,,1,,,0,0,,,,,0,,65,70," MAGGI, NOODLES, PASTA & OATS",,,https://kfs24x7.com/wp-content/uploads/F292.jpg,,,,,,,,,0,0,,,,,,,,,,,,,,,,,,,,,,,,,,,,,,,,,,,,,,,,
2889,simple,F293,TOPS PLAIN NOODLES-350GM,1,1,visible,PLAIN NODLES,,,,taxable,,1,,,0,0,,,,,0,,47,50," MAGGI, NOODLES, PASTA & OATS",,,https://kfs24x7.com/wp-content/uploads/F293.jpg,,,,,,,,,0,0,,,,,,,,,,,,,,,,,,,,,,,,,,,,,,,,,,,,,,,,
2890,simple,F294,PARACHUTE COCONUT OIL-500 ML,1,1,visible,COCONUT OIL,,,,taxable,,1,,,0,0,,,,,0,,208.55,215, HAIR OIL,,,https://kfs24x7.com/wp-content/uploads/F294.jpeg,,,,,,,,,0,0,,,,,,,,,,,,,,,,,,,,,,,,,,,,,,,,,,,,,,,,
2891,simple,F295,PARACHUTE COCONUT OIL-175 ML,1,1,visible,COCONUT OIL,,,,taxable,,1,,,0,0,,,,,0,,74.69,77, HAIR OIL,,,https://kfs24x7.com/wp-content/uploads/F295.jpg,,,,,,,,,0,0,,,,,,,,,,,,,,,,,,,,,,,,,,,,,,,,,,,,,,,,
2892,simple,F296,PATANJALI KESH KANTI OIL-100ML,1,1,visible,"STRENGTHEN THE ROOTS, PREVENTS HAIR FALL, GRAYING HAIR AND SPLIT ENDS.",,,,taxable,,1,,,0,0,,,,,0,,126.1,130, HAIR OIL,,,https://kfs24x7.com/wp-content/uploads/F296-1.jpg,,,,,,,,,0,0,,,,,,,,,,,,,,,,,,,,,,,,,,,,,,,,,,,,,,,,
2893,simple,F297,PATANJALI BODY LOTION-100ML,1,1,visible,,,,,taxable,,1,,,0,0,,,,,0,,58.2,60, PERSONAL CARE,,,https://kfs24x7.com/wp-content/uploads/F297-1.jpg,,,,,,,,,0,0,,,,,,,,,,,,,,,,,,,,,,,,,,,,,,,,,,,,,,,,
2894,simple,F298,PATANJALI MOISTURIZER CREAM-50GM,1,1,visible,"WITH SHEA BUTTER, CHAMOMILE & OLIVE OIL",,,,taxable,,1,,,0,0,,,,,0,,72.75,75, PERSONAL CARE,,,https://kfs24x7.com/wp-content/uploads/F298.jpg,,,,,,,,,0,0,,,,,,,,,,,,,,,,,,,,,,,,,,,,,,,,,,,,,,,,
2895,simple,F299,PATANJALI DANT KANTI MANJAN-100GM,1,1,visible,DANT KANTI MANAJN (POWDER),,,,taxable,,1,,,0,0,,,,,0,,83,90, PERSONAL CARE,,,https://kfs24x7.com/wp-content/uploads/F299.jpg,,,,,,,,,0,0,,,,,,,,,,,,,,,,,,,,,,,,,,,,,,,,,,,,,,,,
2896,simple,F300,PATANJALI DANT KANTI JUNIOR-100GM,1,1,visible,JUNIOR DENTAL CREAM,,,,taxable,,1,,,0,0,,,,,0,,31,35, PERSONAL CARE,,,https://kfs24x7.com/wp-content/uploads/F300.jpg,,,,,,,,,0,0,,,,,,,,,,,,,,,,,,,,,,,,,,,,,,,,,,,,,,,,
2897,simple,F301,PATANJALI DISH WASH BAR TUB-500GM,1,1,visible,SUPER DISHWASH BAR,,,,taxable,,0,,,0,0,,,,,0,,38.8,40, DISH WASH BAR,,,https://kfs24x7.com/wp-content/uploads/F301.jpg,,,,,,,,,0,0,,,,,,,,,,,,,,,,,,,,,,,,,,,,,,,,,,,,,,,,
2898,simple,F302,PATANJALI DISH WASH BAR-280GM,1,1,visible,SUPER DISHWASH BAR,,,,taxable,,0,,,0,0,,,,,0,,14.55,15, DISH WASH BAR,,,https://kfs24x7.com/wp-content/uploads/F302.jpg,,,,,,,,,0,0,,,,,,,,,,,,,,,,,,,,,,,,,,,,,,,,,,,,,,,,
2899,simple,F303,PATANJALI DISH WASH BAR-175GM,1,1,visible,SUPER DISHWASH BAR,,,,taxable,,0,,,0,0,,,,,0,,9.7,10, DISH WASH BAR,,,https://kfs24x7.com/wp-content/uploads/F303.jpg,,,,,,,,,0,0,,,,,,,,,,,,,,,,,,,,,,,,,,,,,,,,,,,,,,,,
2900,simple,F304,PATANJALI DISH WASH BAR-3X1 280GM,1,1,visible,SUPER DISHWASH BAR,,,,taxable,,0,,,0,0,,,,,0,,38.8,40, DISH WASH BAR,,,https://kfs24x7.com/wp-content/uploads/F304.jpeg,,,,,,,,,0,0,,,,,,,,,,,,,,,,,,,,,,,,,,,,,,,,,,,,,,,,
2901,simple,F305,ANIK GHEE-500 ML,1,1,visible,,"UTTAM MEHAK, UTTAM SWAD",,,taxable,,1,,,0,0,,,,,0,,360,373, OIL & GHEE,,,https://kfs24x7.com/wp-content/uploads/F305-1.jpg,,,,,,,,,0,0,,,,,,,,,,,,,,,,,,,,,,,,,,,,,,,,,,,,,,,,
2962,simple,F306,PATANJALI HERBAL HANDWASH-250ML,1,1,visible,ANTI BACTERIAL HANDWASH,,,,taxable,,1,,,0,0,,,,,0,,58.2,60," HANDWASH,  PERSONAL CARE",,,https://kfs24x7.com/wp-content/uploads/F306-1.jpg,,,,,,,,,0,0,,,,,,,,,,,,,,,,,,,,,,,,,,,,,,,,,,,,,,,,
2963,simple,F307,PATANJALI GONYLE-1L,1,1,visible,FLOOR CLEANER,,,,taxable,,1,,,0,0,,,,,0,,,75, HOUSEHOLD CLEANING,,,https://kfs24x7.com/wp-content/uploads/F307.jpg,,,,,,,,,0,0,,,,,,,,,,,,,,,,,,,,,,,,,,,,,,,,,,,,,,,,
2964,simple,F308,LIZOL PINE FREGNANCE FLOOR CLEANER-500ML,1,1,visible,FLOOR CLEANER,,,,taxable,,0,0,,0,0,,,,,0,,90,93, HOUSEHOLD CLEANING,,,https://kfs24x7.com/wp-content/uploads/F308.jpg,,,,,,,,,0,0,,,,,,,,,,,,,,,,,,,,,,,,,,,,,,,,,,,,,,,,
2965,simple,F309,LIZOL LAVENDER FREGNANCE FLOOR CLEANER-500ML,1,1,visible,FLOOR CLEANER,,,,taxable,,0,,,0,0,,,,,0,,,103, HOUSEHOLD CLEANING,,,https://kfs24x7.com/wp-content/uploads/F309.jpg,,,,,,,,,0,0,,,,,,,,,,,,,,,,,,,,,,,,,,,,,,,,,,,,,,,,
2966,simple,F310,LIZOL FLOREL FREGNANCE FLOOR CLEANER-500ML,1,1,visible,FLOOR CLEANER,,,,taxable,,0,0,,0,0,,,,,0,,118,123, HOUSEHOLD CLEANING,,,https://kfs24x7.com/wp-content/uploads/F310.jpg,,,,,,,,,0,0,,,,,,,,,,,,,,,,,,,,,,,,,,,,,,,,,,,,,,,,
2967,simple,F311,LIZOL JASMINE FREGNANCE FLOOR CLEANER-500ML,1,1,visible,FLOOR CLEANER,,,,taxable,,0,0,,0,0,,,,,0,,,103, HOUSEHOLD CLEANING,,,https://kfs24x7.com/wp-content/uploads/F311.jpg,,,,,,,,,0,0,,,,,,,,,,,,,,,,,,,,,,,,,,,,,,,,,,,,,,,,
2968,simple,F312,LIZOL SANDEL FREGNANCE FLOOR CLEANER-500ML,1,1,visible,FLOOR CLEANER,,,,taxable,,0,,,0,0,,,,,0,,,103, HOUSEHOLD CLEANING,,,https://kfs24x7.com/wp-content/uploads/F312.jpg,,,,,,,,,0,0,,,,,,,,,,,,,,,,,,,,,,,,,,,,,,,,,,,,,,,,
2969,simple,F313,BRITANINA GOOD DAY PISTA BADAM COOKIES-200GM,1,1,visible,PISTA BADAM COOKIES,,,,taxable,,1,,,0,0,,,,,0,,52,55, BISCUITS & CAKES,,,https://kfs24x7.com/wp-content/uploads/F313.png,,,,,,,,,0,0,,,,,,,,,,,,,,,,,,,,,,,,,,,,,,,,,,,,,,,,
2970,simple,F314,BLUE HARPIC-500 ML,1,1,visible,POWER PLUS 10X MAX CLEAN,"<table class=""a-normal a-spacing-micro"">\n<tbody>\n<tr class=""a-spacing-small po-brand"">\n<td class=""a-span3""><span class=""a-size-base a-text-bold"">Brand</span></td>\n<td class=""a-span9""><span class=""a-size-base po-break-word"">Harpic</span></td>\n</tr>\n<tr class=""a-spacing-small po-item_form"">\n<td class=""a-span3""><span class=""a-size-base a-text-bold"">Item Form</span></td>\n<td class=""a-span9""><span class=""a-size-base po-break-word"">Liquid</span></td>\n</tr>\n<tr class=""a-spacing-small po-scent"">\n<td class=""a-span3""><span class=""a-size-base a-text-bold"">Scent</span></td>\n<td class=""a-span9""><span class=""a-size-base po-break-word"">Orange</span></td>\n</tr>\n<tr class=""a-spacing-small po-specific_uses_for_product"">\n<td class=""a-span3""><span class=""a-size-base a-text-bold"">Specific Uses For Product</span></td>\n<td class=""a-span9""><span class=""a-size-base po-break-word"">Toilet</span></td>\n</tr>\n<tr class=""a-spacing-small po-item_volume"">\n<td class=""a-span3""><span class=""a-size-base a-text-bold"">Item Volume</span></td>\n<td class=""a-span9""><span class=""a-size-base po-break-word"">500 ML</span></td>\n</tr>\n<tr class=""a-spacing-small po-unit_count"">\n<td class=""a-span3""><span class=""a-size-base a-text-bold"">Net Quantity</span></td>\n<td class=""a-span9""><span class=""a-size-base po-break-word"">500 millilitre</span></td>\n</tr>\n<tr class=""a-spacing-small po-surface_recommendation"">\n<td class=""a-span3""><span class=""a-size-base a-text-bold"">Surface Recommendation</span></td>\n<td class=""a-span9""><span class=""a-size-base po-break-word"">Toilet</span></td>\n</tr>\n<tr class=""a-spacing-small po-item_weight"">\n<td class=""a-span3""><span class=""a-size-base a-text-bold"">Item Weight</span></td>\n<td class=""a-span9""><span class=""a-size-base po-break-word"">555 Grams</span></td>\n</tr>\n<tr class=""a-spacing-small po-contains_liquid_contents"">\n<td class=""a-span3""><span class=""a-size-base a-text-bold"">Contains Liquid Contents</span></td>\n<td class=""a-span9""><span class=""a-size-base po-break-word"">Yes</span></td>\n</tr>\n</tbody>\n</table>",,,taxable,,1,,,0,0,,,,,0,,105,110, HOUSEHOLD CLEANING,,,https://kfs24x7.com/wp-content/uploads/F314.jpg,,,,,,,,,0,0,,classic-editor,1,,,0,0,,,,,,,,,,,,,,,,,,,,,,,,,,,,,,,,,
2971,simple,F315,HARPIC-900ML,1,1,visible,30% EXTRA & HARPIC BATHROOM CLEANER FREE,,,,taxable,,0,,,0,0,,,,,0,,158.4,165, HOUSEHOLD CLEANING,,,https://kfs24x7.com/wp-content/uploads/F315.jpg,,,,,,,,,0,0,,,,,,,,,,,,,,,,,,,,,,,,,,,,,,,,,,,,,,,,
2972,simple,F316,INDIA GATE BASMATI RICE SELECT-1KG,1,1,visible,1KG+20% EXTRA,,,,taxable,,1,2,,0,0,,,,,0,,120,138, RICE,,,https://kfs24x7.com/wp-content/uploads/F316-1.jpg,,,,,,,,,0,0,,,,,,,,,,,,,,,,,,,,,,,,,,,,,,,,,,,,,,,,
2973,simple,F317,INDIA GATE BASMATI RICE TIBAR-1KG,1,1,visible,RIZ BASMATI,,,,taxable,,1,4,,0,0,,,,,0,,120,128, RICE,,,https://kfs24x7.com/wp-content/uploads/F317-1.jpeg,,,,,,,,,0,0,,,,,,,,,,,,,,,,,,,,,,,,,,,,,,,,,,,,,,,,
2974,simple,F318,HITKARY ROSE SYRUP-750 ML,1,1,visible,PERFECT WASH,,,,taxable,,1,,,0,0,,,,,0,,156,170, DRINKS & BREWERIES ?,,,https://kfs24x7.com/wp-content/uploads/32915.jpg,,,,,,,,,0,0,,,,,,,,,,,,,,,,,,,,,,,,,,,,,,,,,,,,,,,,
2975,simple,F319,SURF EXCEL EASY WASH-1 KG,1,1,visible,REMOVES TOUGH STAINS EASILY,,,,taxable,,1,,,0,0,,,,,0,,130,138, WASHING POWDER & DITERGENT CAKE,,,https://kfs24x7.com/wp-content/uploads/F319.jpg,,,,,,,,,0,0,,,,,,,,,,,,,,,,,,,,,,,,,,,,,,,,,,,,,,,,
2976,simple,F320,TIDE RED PLUS DOUBLE POWER-1KG,1,1,visible,DOUBLE POWER (JASMINE & ROSE FREGNANCE),,,,taxable,,1,,,0,0,,,,,0,,,132, WASHING POWDER & DITERGENT CAKE,,,https://kfs24x7.com/wp-content/uploads/F320.jpg,,,,,,,,,0,0,,,,,,,,,,,,,,,,,,,,,,,,,,,,,,,,,,,,,,,,
2977,simple,F321,WHEEL 2 IN 1-1KG,1,1,visible,CLEAN & FRESH,,,,taxable,,1,,,0,0,,,,,0,,71,76, WASHING POWDER & DITERGENT CAKE,,,https://kfs24x7.com/wp-content/uploads/F321.jpg,,,,,,,,,0,0,,,,,,,,,,,,,,,,,,,,,,,,,,,,,,,,,,,,,,,,
2978,simple,F322,SURF EXCEL QUICK WASH-1KG,1,1,visible,QUICK WASH,,,,taxable,,0,,,0,0,,,,,0,,,208, WASHING POWDER & DITERGENT CAKE,,,https://kfs24x7.com/wp-content/uploads/F322.jpg,,,,,,,,,0,0,,,,,,,,,,,,,,,,,,,,,,,,,,,,,,,,,,,,,,,,
2979,simple,F323,SURF EXCEL QUICK WASH-500GM,1,1,visible,QUICK WASH,,,,taxable,,0,0,,0,0,,,,,0,,,90, WASHING POWDER & DITERGENT CAKE,,,https://kfs24x7.com/wp-content/uploads/F323.jpg,,,,,,,,,0,0,,,,,,,,,,,,,,,,,,,,,,,,,,,,,,,,,,,,,,,,
2980,simple,F324,ARIEL GREEN COMPLETE-1KG+500 GM FREE,1,1,visible,1 KG+500 G FREE,,,,taxable,,0,,,0,0,,,,,0,,271.6,280, WASHING POWDER & DITERGENT CAKE,,,https://kfs24x7.com/wp-content/uploads/F324.jpg,,,,,,,,,0,0,,,,,,,,,,,,,,,,,,,,,,,,,,,,,,,,,,,,,,,,
2981,simple,F325,RIN POWDER-1 KG,1,1,visible,BRIGHT LIKE NEW,,,,taxable,,1,,,0,0,,,,,0,,,82, WASHING POWDER & DITERGENT CAKE,,,https://kfs24x7.com/wp-content/uploads/F325.jpg,,,,,,,,,0,0,,,,,,,,,,,,,,,,,,,,,,,,,,,,,,,,,,,,,,,,
2982,simple,F326,GHADI DITERGENT POWDER-1 KG,1,1,visible,,,,,taxable,,1,,,0,0,,,,,0,,67,71, WASHING POWDER & DITERGENT CAKE,,,https://kfs24x7.com/wp-content/uploads/F326.jpg,,,,,,,,,0,0,,,,,,,,,,,,,,,,,,,,,,,,,,,,,,,,,,,,,,,,
2983,simple,F327,RIN DITERGENT CAKE-140+30GM,1,1,visible,40GM EXTRA,,,,taxable,,1,,,0,0,,,,,0,,9.65,10, WASHING POWDER & DITERGENT CAKE,,,https://kfs24x7.com/wp-content/uploads/F327.jpg,,,,,,,,,0,0,,,,,,,,,,,,,,,,,,,,,,,,,,,,,,,,,,,,,,,,
2984,simple,F328,DABUR HONEY-500 G,1,1,visible,500 G+100GM EXTRA,,,,taxable,,1,9,,0,0,,,,,0,,230,240," HONEY, CHYAWANPRASH, HEALTH SUPPLEMENT & IMMUNITY BOOSTERS",,,https://kfs24x7.com/wp-content/uploads/F328.jpg,,,,,,,,,0,0,,,,,,,,,,,,,,,,,,,,,,,,,,,,,,,,,,,,,,,,
2985,simple,F329,DABUR HONEY- 1 KG,1,0,visible,250 G+50GM EXTRA,,,,taxable,,1,8,,0,0,,,,,0,,450,475," HONEY, CHYAWANPRASH, HEALTH SUPPLEMENT & IMMUNITY BOOSTERS",,,https://kfs24x7.com/wp-content/uploads/F329.jpg,,,,,,,,,0,0,,,,,,,,,,,,,,,,,,,,,,,,,,,,,,,,,,,,,,,,
2986,simple,F330,WHISPER ULTRA CLEAN XL-7 PADS,1,0,visible,ULTRA CLEAN XL-7 PADS,,,,taxable,,0,,,0,0,,,,,0,,77,80, PERSONAL CARE,,,https://kfs24x7.com/wp-content/uploads/F330.jpg,,,,,,,,,0,0,,,,,,,,,,,,,,,,,,,,,,,,,,,,,,,,,,,,,,,,
2987,simple,F331,WHISPER CHOICE ULTRA XL WITH WINGS-6 PADS,1,0,visible,CHOICE ULTRA XL WITH WINGS-6 PADS,,,,taxable,,0,,,0,0,,,,,0,,39.9,42, PERSONAL CARE,,,https://kfs24x7.com/wp-content/uploads/F331.png,,,,,,,,,0,0,,,,,,,,,,,,,,,,,,,,,,,,,,,,,,,,,,,,,,,,
2988,simple,F332,WHISPER CHOICE EXTRA LONG XL WITH WINGS-6 PADS,1,0,visible,CHOICE EXTRA LONG XL WITH WINGS-6 PADS,,,,taxable,,0,,,0,0,,,,,0,,30.4,32, PERSONAL CARE,,,https://kfs24x7.com/wp-content/uploads/F332.jpg,,,,,,,,,0,0,,,,,,,,,,,,,,,,,,,,,,,,,,,,,,,,,,,,,,,,
2989,simple,F333,HIT BLACK-400 ML,1,0,visible,,,,,taxable,,1,,,0,0,,,,,1,,,230, INDORE INSECT & PEST CONTROL,,,https://kfs24x7.com/wp-content/uploads/images282129.jpeg,,,,,,,,,0,0,,,,,,,,,,,,,,,,,,,,,,,,,,,,,,,,,,,,,,,,
2990,simple,F087,FUN TOP MIXED PICKLE-200 GM,1,0,visible,,,,,taxable,,1,,,0,0,,,,,1,,44,50," JAM, PICKLE & SOUCES",,,https://kfs24x7.com/wp-content/uploads/F087-1.jpg,,,,,,,,,0,0,,,,,,,,,,,,,,,,,,,,,,,,,,,,,,,,,,,,,,,,
2991,simple,F334,DOVE BATH SOAP- 100 GM,1,0,visible,CREAM BEAUTY BATHING BAR,,,,taxable,,1,,,0,0,,,,,0,,63,65, PERSONAL CARE,,,https://kfs24x7.com/wp-content/uploads/F334.jpg,,,,,,,,,0,0,,,,,,,,,,,,,,,,,,,,,,,,,,,,,,,,,,,,,,,,
3048,simple,F335,CINTHOL COOL MENTHOL- 3 U X 75 GM,1,0,visible,MENTHOL+ACTIVE DEO FRAGRANCE,,,,taxable,,1,,,0,0,,,,,0,,75.5,78, PERSONAL CARE,,,https://kfs24x7.com/wp-content/uploads/F335.jpg,,,,,,,,,0,0,,,,,,,,,,,,,,,,,,,,,,,,,,,,,,,,,,,,,,,,
3049,simple,F336,LUX INTERNATION-75 GM,1,0,visible,CREAMY PERFECTION FOR SMOOTH GRARANT SKIN (WHITE ROSE &amp; SWISS MOISTURISERS),,,,taxable,,1,,,0,0,,,,,0,,38,40, PERSONAL CARE,,,https://kfs24x7.com/wp-content/uploads/F336.jpg,,,,,,,,,0,0,,,,,,,,,,,,,,,,,,,,,,,,,,,,,,,,,,,,,,,,
3050,simple,F337,HAMARA METRO MAKHANA-250 GM,1,0,visible,,"EXPORT QUALITY MAKHANA\n\nFULL OF PROTEINS, ENRGY FOOD",,,taxable,,1,,,0,0,,,,,0,,340,500," DRY FRUITS,  VRAT & FHALAHAR",,,https://kfs24x7.com/wp-content/uploads/41279.jpg,,,,,,,,,0,0,,,,,,,,,,,,,,,,,,,,,,,,,,,,,,,,,,,,,,,,
3051,simple,F338,FORTUNE BLACK CHANA (UNPOLISHED)-1 KG,1,0,visible,"<table class=""a-normal a-spacing-micro"">\n<tbody>\n<tr class=""a-spacing-small po-brand"">\n<td class=""a-span3""><span class=""a-size-base a-text-bold"">Brand</span></td>\n<td class=""a-span9""><span class=""a-size-base po-break-word"">Fortune</span></td>\n</tr>\n<tr class=""a-spacing-small po-item_weight"">\n<td class=""a-span3""><span class=""a-size-base a-text-bold"">Item Weight</span></td>\n<td class=""a-span9""><span class=""a-size-base po-break-word"">1000 Grams</span></td>\n</tr>\n<tr class=""a-spacing-small po-specialty"">\n<td class=""a-span3""><span class=""a-size-base a-text-bold"">Speciality</span></td>\n<td class=""a-span9""><span class=""a-size-base po-break-word"">Suitable for vegetarians</span></td>\n</tr>\n<tr class=""a-spacing-small po-item_form"">\n<td class=""a-span3""><span class=""a-size-base a-text-bold"">Item Form</span></td>\n<td class=""a-span9""><span class=""a-size-base po-break-word"">Liquid</span></td>\n</tr>\n<tr class=""a-spacing-small po-diet_type"">\n<td class=""a-span3""><span class=""a-size-base a-text-bold"">Diet Type</span></td>\n<td class=""a-span9""><span class=""a-size-base po-break-word"">Vegetarian</span></td>\n</tr>\n<tr class=""a-spacing-small po-item_package_weight"">\n<td class=""a-span3""><span class=""a-size-base a-text-bold"">Package Weight</span></td>\n<td class=""a-span9""><span class=""a-size-base po-break-word"">1 Kilograms</span></td>\n</tr>\n<tr class=""a-spacing-small po-variety"">\n<td class=""a-span3""><span class=""a-size-base a-text-bold"">Variety</span></td>\n<td class=""a-span9""><span class=""a-size-base po-break-word"">Chickpeas</span></td>\n</tr>\n</tbody>\n</table>",,,,taxable,,1,,,0,0,,,,,0,,135,210," DALS & PULSES,  VRAT & FHALAHAR",,,https://kfs24x7.com/wp-content/uploads/F556.jpg,,,,,,,,,0,0,,classic-editor,1,,,0,0,,,,,,,,,,,,,,,,,,,,,,,,,,,,,,,,,
3052,simple,F339,DISANO PASTALICIOUS-400 GM,1,0,visible,BUY 1 GET 1 FREE (PENNE 100% DURUM WHEAT SEMOLINA PASTA),,,,taxable,,1,,,0,0,,,,,0,,,130," MAGGI, NOODLES, PASTA & OATS",,,https://kfs24x7.com/wp-content/uploads/F339.jpg,,,,,,,,,0,0,,,,,,,,,,,,,,,,,,,,,,,,,,,,,,,,,,,,,,,,
3053,simple,F340,FINOSTA FUSILLI PASTA-500 GM,1,0,visible,"MADE FROM DURUM WHEAT SUJI, THINK PASTA, THINK FINOSTA",,,,taxable,,0,,,0,0,,,,,0,,115,129," MAGGI, NOODLES, PASTA & OATS",,,https://kfs24x7.com/wp-content/uploads/F340.jpg,,,,,,,,,0,0,,,,,,,,,,,,,,,,,,,,,,,,,,,,,,,,,,,,,,,,
3054,simple,F341,MAGGI MASALA VEG ATTA NOODLES-290 GM,1,0,visible,NUTRI-LICIOUS,,,,taxable,,1,,,0,0,,,,,0,,111,116," MAGGI, NOODLES, PASTA & OATS",,,https://kfs24x7.com/wp-content/uploads/F341.jpg,,,,,,,,,0,0,,,,,,,,,,,,,,,,,,,,,,,,,,,,,,,,,,,,,,,,
3055,simple,F342,MAGGI MASALA VEG NOODLES-280 GM,1,0,visible,SUNDAY SPECIAL RECIPE,,,,taxable,,1,,,0,0,,,,,0,,53,56," MAGGI, NOODLES, PASTA & OATS",,,https://kfs24x7.com/wp-content/uploads/F342.jpg,,,,,,,,,0,0,,,,,,,,,,,,,,,,,,,,,,,,,,,,,,,,,,,,,,,,
3056,simple,F343,NESTEA LEMON FLAVOUR ICE TEA-400 GM,1,0,visible,FREE GLASS BOTTLE,,,,taxable,,0,,,0,0,,,,,0,,,180, TEA,,,https://kfs24x7.com/wp-content/uploads/F343.jpg,,,,,,,,,0,0,,,,,,,,,,,,,,,,,,,,,,,,,,,,,,,,,,,,,,,,
3057,simple,F344,HALDIRAM NAVRATTAN-400 GM,1,0,visible,RELISH THE GOODNESS OF DELIGHTFUL SAVOURY TREATS,,,,taxable,,1,,,0,0,,,,,0,,94,99, NAMKEEN & SNACKS,,,https://kfs24x7.com/wp-content/uploads/F344.jpg,,,,,,,,,0,0,,,,,,,,,,,,,,,,,,,,,,,,,,,,,,,,,,,,,,,,
3058,simple,F345,BRITANINA GOOD DAY CASHEW COOKIES-200 GM,1,0,visible,CASHEW COOKIES,,,,taxable,,1,,,0,0,,,,,0,,,40, BISCUITS & CAKES,,,https://kfs24x7.com/wp-content/uploads/F345.jpg,,,,,,,,,0,0,,,,,,,,,,,,,,,,,,,,,,,,,,,,,,,,,,,,,,,,
3059,simple,F346,CADBURY OERO-120 GM,1,0,visible,CHOCO CREME FLAVOURED (CHOCOLATEY SANDWICH BISCUITS),TWIST LICK DUNK,,,taxable,,1,,,0,0,,,,,0,,,45, BISCUITS & CAKES,,,https://kfs24x7.com/wp-content/uploads/F346-1.jpeg,,,,,,,,,0,0,,,,,,,,,,,,,,,,,,,,,,,,,,,,,,,,,,,,,,,,
3060,simple,F347,HALDIRAM PUNJABI TADKA-220 GM,1,0,visible,RELISH THE GOODNESS OF DELIGHTFUL SAVOURY TREATS,,,,taxable,,1,,,0,0,,,,,0,,52.5,55, NAMKEEN & SNACKS,,,https://kfs24x7.com/wp-content/uploads/F347.jpeg,,,,,,,,,0,0,,,,,,,,,,,,,,,,,,,,,,,,,,,,,,,,,,,,,,,,
3061,simple,F348,CADBURY OREO (JUMBO PACK)-481.25 GM,1,0,visible,"<table class=""a-normal a-spacing-micro"">\n<tbody>\n<tr class=""a-spacing-small po-occasion_type"">\n<td class=""a-span3""><span class=""a-size-base a-text-bold"">Occasion</span></td>\n<td class=""a-span9""><span class=""a-size-base po-break-word"">New Baby, Anniversary, Thank, Thanksgiving</span></td>\n</tr>\n<tr class=""a-spacing-small po-flavor"">\n<td class=""a-span3""><span class=""a-size-base a-text-bold"">Flavour</span></td>\n<td class=""a-span9""><span class=""a-size-base po-break-word"">Chocolate</span></td>\n</tr>\n<tr class=""a-spacing-small po-unit_count"">\n<td class=""a-span3""><span class=""a-size-base a-text-bold"">Net Quantity</span></td>\n<td class=""a-span9""><span class=""a-size-base po-break-word"">500.0 gram</span></td>\n</tr>\n<tr class=""a-spacing-small po-brand"">\n<td class=""a-span3""><span class=""a-size-base a-text-bold"">Brand</span></td>\n<td class=""a-span9""><span class=""a-size-base po-break-word"">Cadbury</span></td>\n</tr>\n<tr class=""a-spacing-small po-item_weight"">\n<td class=""a-span3""><span class=""a-size-base a-text-bold"">Item Weight</span></td>\n<td class=""a-span9""><span class=""a-size-base po-break-word"">500 Grams</span></td>\n</tr>\n<tr class=""a-spacing-small po-item_dimensions"">\n<td class=""a-span3""><span class=""a-size-base a-text-bold"">Item Dimensions LxWxH</span></td>\n<td class=""a-span9""><span class=""a-size-base po-break-word"">17.5 x 4.4 x 6 Centimeters</span></td>\n</tr>\n<tr class=""a-spacing-small po-item_package_weight"">\n<td class=""a-span3""><span class=""a-size-base a-text-bold"">Package Weight</span></td>\n<td class=""a-span9""><span class=""a-size-base po-break-word"">0.52 Kilograms</span></td>\n</tr>\n<tr class=""a-spacing-small po-package_type_name"">\n<td class=""a-span3""><span class=""a-size-base a-text-bold"">Package Type</span></td>\n<td class=""a-span9""><span class=""a-size-base po-break-word"">Pouch</span></td>\n</tr>\n</tbody>\n</table>","<h1 class=""a-size-base-plus a-text-bold"">About this item</h1>\n<ul class=""a-unordered-list a-vertical a-spacing-mini"">\n 	<li class=""a-spacing-small""><span class=""a-list-item"">Biscuits;Cookies;Chocolate Biscuits;Chocolate Cookies;Sandwich Cookies;Sandwich Biscuits;Cream Biscuits;Chocolate Cream Biscuits;Baked Cookies;Family Pack Biscuits;Oreo Chocolate Cream Biscuits;Oreo Vanilla Cream Biscuits</span></li>\n 	<li class=""a-spacing-small""><span class=""a-list-item"">Rich, smooth Chocolate crème sandwiched between two crunchy chocolate wafers</span></li>\n 	<li class=""a-spacing-small""><span class=""a-list-item"">Give yourself a delicious treat today and Twist, Lick and Dunk an Oreo.</span></li>\n 	<li class=""a-spacing-small""><span class=""a-list-item"">The perfect pack for snacking at home or sharing with your family or friends</span></li>\n</ul>",,,taxable,,1,,,0,0,,,,,0,,127,159, BISCUITS & CAKES,,,https://kfs24x7.com/wp-content/uploads/F348.jpg,,,,,,,,,0,0,,classic-editor,1,,,0,0,,,,,,,,,,,,,,,,,,,,,,,,,,,,,,,,,
3062,simple,F349,VINOD PISTACHIOS-250 GM X 3,1,1,visible,"<h1 id=""title"" class=""a-size-large a-spacing-none""><span id=""productTitle"" class=""a-size-large product-title-word-break"">Roasted &amp; Lightly Salted Irani Pistachios - 100% Natural &amp; Premium</span></h1>\n(250 GM X3=750 GM)","<h1 id=""title"" class=""a-size-large a-spacing-none""><span id=""productTitle"" class=""a-size-large product-title-word-break"">Roasted &amp; Lightly Salted Irani Pistachios - 100% Natural &amp; Premium</span></h1>\n(250 GM X3=750 GM)",,,taxable,,1,,,0,0,,,,,0,,768,1200, DRY FRUITS,,,https://kfs24x7.com/wp-content/uploads/F349-1.jpg,,,,,,,,,0,0,,,,,,,,,,,,,,,,,,,,,,,,,,,,,,,,,,,,,,,,
3063,simple,F350,PARACHUTE JASMINE OIL-190 ML,1,0,visible,"FOR SHINY, STRONG HAIR",,,,taxable,,1,,,0,0,,,,,0,,81,86, HAIR OIL,,,https://kfs24x7.com/wp-content/uploads/F350.jpg,,,,,,,,,0,0,,,,,,,,,,,,,,,,,,,,,,,,,,,,,,,,,,,,,,,,
3064,simple,F351,PARACHUTE ALOE VERA COCONUT OIL-150 ML,1,0,visible,"FOR SOFT, STRONG HAIR",,,,taxable,,1,,,0,0,,,,,0,,75,78, HAIR OIL,,,https://kfs24x7.com/wp-content/uploads/F351.jpg,,,,,,,,,0,0,,,,,,,,,,,,,,,,,,,,,,,,,,,,,,,,,,,,,,,,
3065,simple,F352,HIMGANGE AYURVEDIC OIL-50 ML,1,0,visible,AYURVEDIC OIL,,,,taxable,,1,,,0,0,,,,,0,,38.4,40, HAIR OIL,,,https://kfs24x7.com/wp-content/uploads/F352.jpg,,,,,,,,,0,0,,,,,,,,,,,,,,,,,,,,,,,,,,,,,,,,,,,,,,,,
3066,simple,F353,BAJAJ ALMOND DROPS HAIR OIL-100 ML,1,0,visible,"<p>6X VITAMINE E, NON STICKY HAIR OIL</p>\n",,,,taxable,,1,,,0,0,,,,,0,,71.5,75, HAIR OIL,,,https://kfs24x7.com/wp-content/uploads/F353.jpg,,,,,,,,,0,0,,,,,,,,,,,,,,,,,,,,,,,,,,,,,,,,,,,,,,,,
3067,simple,F354,NAVRATNA AYURVEDIC OIL-100 ML,1,0,visible,,,,,taxable,,1,,,0,0,,,,,0,,75,78, HAIR OIL,,,https://kfs24x7.com/wp-content/uploads/F354.jpg,,,,,,,,,0,0,,,,,,,,,,,,,,,,,,,,,,,,,,,,,,,,,,,,,,,,
3068,simple,F355,MAGGI MASALA-A-MAGIC,1,0,visible,,,,,taxable,,1,,,0,0,,,,,0,,,5, MASALA,,,https://kfs24x7.com/wp-content/uploads/F355.jpg,,,,,,,,,0,0,,,,,,,,,,,,,,,,,,,,,,,,,,,,,,,,,,,,,,,,
3069,simple,F356,NESTLE CERELAC 8 NO.-300 GM,1,0,visible,WHEAT APPLE CHERRY,,,,taxable,,0,,,0,0,,,,,0,,220,229, BABY CARE,,,https://kfs24x7.com/wp-content/uploads/F356.jpg,,,,,,,,,0,0,,,,,,,,,,,,,,,,,,,,,,,,,,,,,,,,,,,,,,,,
3070,simple,F357,TRESEMME KERATIN SMOOTH SHAMPOO-340 ML,1,0,visible,UP TO 100% SMOOTHER SHINY HAIR,,,,taxable,,1,,,0,0,,,,,0,,460,490, PERSONAL CARE,,,https://kfs24x7.com/wp-content/uploads/F357.jpg,,,,,,,,,0,0,,,,,,,,,,,,,,,,,,,,,,,,,,,,,,,,,,,,,,,,
3071,simple,F358,TRESEMME SMOOTH & SHINE CONDITIONER-340 ML,1,0,visible,INTENSE MOISURISATION FOR SALON SILKY SMOOTH HAIR,,,,taxable,,0,,,0,0,,,,,0,,310,320, PERSONAL CARE,,,https://kfs24x7.com/wp-content/uploads/F358.jpg,,,,,,,,,0,0,,,,,,,,,,,,,,,,,,,,,,,,,,,,,,,,,,,,,,,,
3072,simple,F359,HORLICKS CHCOHOLATE- 200 GM,1,0,visible,CHCOHOLATE DELIGHT FLAVOUR,,,,taxable,,1,,,0,0,,,,,0,,107,110, HEALTH DRINK,,,https://kfs24x7.com/wp-content/uploads/F359.jpg,,,,,,,,,0,0,,,,,,,,,,,,,,,,,,,,,,,,,,,,,,,,,,,,,,,,
3073,simple,F360,FORTUNE BESAN-500 GM,1,1,visible,25+QUALITY TEST PASSED PRODUCT,,,,taxable,,1,,,0,0,,,,,0,,71,80, ATTA & FLOUR,,,https://kfs24x7.com/wp-content/uploads/F360.jpeg,,,,,,,,,0,0,,,,,,,,default,,,,,,,,,,,,,,,,,,,,,,,,,,,,,,,,
3074,simple,F361,FORTUNE SOYA CHUNKS-200 GM,1,0,visible,100% VEGETARIAN,25 gm Extra,,,taxable,,1,,,0,0,,,,,0,,55,60, DALS & PULSES,,,https://kfs24x7.com/wp-content/uploads/F361.jpg,,,,,,,,,0,0,,,,,,,,default,,,,,,,,,,,,,,,,,,,,,,,,,,,,,,,,
3075,simple,F362,VIM DISWASH-500 GM,1,1,visible,WITH FOWER OF LEMON (100 GM FREE),,,,taxable,,1,,,0,0,,,,,0,,,60, DISH WASH BAR,,,https://kfs24x7.com/wp-content/uploads/F362.jpg,,,,,,,,,0,0,,,,,,,,,,,,,,,,,,,,,,,,,,,,,,,,,,,,,,,,
3131,simple,F363,VIM DISWASH-300 GM,1,1,visible,WITH FOWER OF LEMON,,,,taxable,,1,,,0,0,,,,,0,,,32, DISH WASH BAR,,,https://kfs24x7.com/wp-content/uploads/F363.jpg,,,,,,,,,0,0,,,,,,,,,,,,,,,,,,,,,,,,,,,,,,,,,,,,,,,,
3132,simple,F364,COLGATE CIBACA-175 GM,1,1,visible,ANTICAVITY TOOTHPASTE,,,,taxable,,1,,,0,0,,,,,1,,55,57, PERSONAL CARE,,,https://kfs24x7.com/wp-content/uploads/F364.png,,,,,,,,,0,0,,,,,,,,,Size,"250G, 500G, 1KG",1,0,,,,,,,,,,,,,,,,,,,,,,,,,,,,
3133,simple,F365,COLGATE CIBACA-80 GM,1,1,visible,ANTICAVITY TOOTHPASTE,,,,taxable,,1,,,0,0,,,,,1,,28.8,30, PERSONAL CARE,,,https://kfs24x7.com/wp-content/uploads/F365.jpg,,,,,,,,,0,0,,,,,,,,,Size,"250G, 500G, 1KG",1,0,,,,,,,,,,,,,,,,,,,,,,,,,,,,
3134,simple,F366,VIM DISWASH-140 GM,1,1,visible,WITH FOWER OF LEMON,,,,taxable,,1,,,0,0,,,,,0,,9.8,10, DISH WASH BAR,,,https://kfs24x7.com/wp-content/uploads/F366.jpg,,,,,,,,,0,0,,,,,,,,,,,,,,,,,,,,,,,,,,,,,,,,,,,,,,,,
3135,simple,F367,SURF EXCEL BAR-95 GM,1,1,visible,STAIN ERASER,,,,taxable,,1,,,0,0,,,,,0,,,10, WASHING POWDER & DITERGENT CAKE,,,https://kfs24x7.com/wp-content/uploads/F367.jpg,,,,,,,,,0,0,,,,,,,,,,,,,,,,,,,,,,,,,,,,,,,,,,,,,,,,
3136,simple,F368,GHADI DITERGENT CAKE-185 GM,1,0,visible,,,,,taxable,,1,,,0,0,,,,,0,,,10, WASHING POWDER & DITERGENT CAKE,,,https://kfs24x7.com/wp-content/uploads/F368.jpg,,,,,,,,,0,0,,,,,,,,,,,,,,,,,,,,,,,,,,,,,,,,,,,,,,,,
3137,simple,F369,MAGGI HOT & SWEET TOMATO CHILLI SUACE-1KG,1,0,visible,FREE 200 GM HOT &amp; SWEET TOMATO CHILLI SAUCE Rs.65,,,,taxable,,1,,,0,0,,,,,0,,168,180," JAM, PICKLE & SOUCES",,,https://kfs24x7.com/wp-content/uploads/F369-1.jpg,,,,,,,,,0,0,,,,,,,,,,,,,,,,,,,,,,,,,,,,,,,,,,,,,,,,
3138,simple,F371,KNORR MANCHOW VEG SOUP-12 GM,1,0,visible,CUP-a-SOUP,,,,taxable,,0,,,0,0,,,,,0,,,10, SOUP,,,https://kfs24x7.com/wp-content/uploads/F371.jpg,,,,,,,,,0,0,,,,,,,,,,,,,,,,,,,,,,,,,,,,,,,,,,,,,,,,
3139,simple,F372,LIFEBUOY SOAP-125 GM,1,0,visible,100% STRONGER GERM PROTECTION,,,,taxable,,0,,,0,0,,,,,0,,22.08,23, PERSONAL CARE,,,https://kfs24x7.com/wp-content/uploads/F372.jpg,,,,,,,,,0,0,,,,,,,,,,,,,,,,,,,,,,,,,,,,,,,,,,,,,,,,
3140,simple,F373,VIM DISWASH LIQUID-250 ML,1,0,visible,WITH FOWER OF LEMON,,,,taxable,,1,,,0,0,,,,,0,,52,55, DISH WASH BAR,,,https://kfs24x7.com/wp-content/uploads/F373.jpg,,,,,,,,,0,0,,,,,,,,,,,,,,,,,,,,,,,,,,,,,,,,,,,,,,,,
3141,simple,F374,JOHNSON & JOHNSON BABY SKINCARE WIPES-20 N,1,0,visible,SKINCARE WIPES,,,,taxable,,0,,,0,0,,,,,0,,72.5,75, BABY CARE,,,https://kfs24x7.com/wp-content/uploads/F374.jpg,,,,,,,,,0,0,,,,,,,,,,,,,,,,,,,,,,,,,,,,,,,,,,,,,,,,
3142,simple,F375,RAJDHANI SEVIYAN (VERMICELLI-ROASTED)-450 GM,1,0,visible,AAJ SPECIALLI VERMICELLI,,,,taxable,,1,,,0,0,,,,,0,,45,50, NAMKEEN & SNACKS,,,https://kfs24x7.com/wp-content/uploads/F375.jpeg,,,,,,,,,0,0,,,,,,,,default,,,,,,,,,,,,,,,,,,,,,,,,,,,,,,,,
3143,simple,F376,TATA ROCK SALT-100GM,1,0,visible,VRAT KA SUDH SENDHA NAMAK,,,,taxable,,1,,,0,0,,,,,0,,14,15, SUGAR & SALT,,,https://kfs24x7.com/wp-content/uploads/F376-2.jpeg,,,,,,,,,0,0,,,,,,,,default,,,,,,,,,,,,,,,,,,,,,,,,,,,,,,,,
3144,simple,F377,FOODY ARHAR/TOOR DAL (NO.1)-500 GM,1,0,visible,,,,,taxable,,1,,,0,0,,,,,0,,94,105, DALS & PULSES,,,https://kfs24x7.com/wp-content/uploads/F377.jpg,,,,,,,,,0,0,,,,,,,,default,,,,,0,,,,,,,,,,auto,disable,standard,0,inherit,inherit,inherit,inherit,inherit,,,,,,,,,
3145,simple,F378,RAJDHANI KABULI CHANA (SMALL DANA)-500 GM,1,0,visible,<p>RAJDHANI ROASTED LONG CUT SEVIYAN WORTH RS.25 FREE</p>\n,<p>THE RIGHT TASTE...</p>\n<p>THE RIGHT CHOICE...</p>\n,,,taxable,,1,,,0,0,,,,,0,,80,135, DALS & PULSES,,,https://kfs24x7.com/wp-content/uploads/F378.jpg,,,,,,,,,0,0,,,,,,,,default,,,,,,,,,,,,,,,,,,,,,,,,,,,,,,,,
3146,simple,F380,GOOD NIGHT GOLD FLASH REFILL-45 ML,1,0,visible,REFIIL,,,,taxable,,1,,,0,0,,,,,0,,,85, INDORE INSECT & PEST CONTROL,,,https://kfs24x7.com/wp-content/uploads/f380.jpg,,,,,,,,,0,0,,,,,,,,,,,,,,,,,,,,,,,,,,,,,,,,,,,,,,,,
3147,simple,F381,PEARS BATH SOAP-100GM,1,0,visible,SOFT AND FRESH,,,,taxable,,0,,,0,0,,,,,0,,,83, PERSONAL CARE,,,https://kfs24x7.com/wp-content/uploads/F381.jpg,,,,,,,,,0,0,,,,,,,,,,,,,,,,,,,,,,,,,,,,,,,,,,,,,,,,
3148,simple,F382,TATA SALT-1 KG,1,0,visible,"VACUUM, EVAPORATED AND IODISED",,,,taxable,,1,,,0,0,,,,,0,,28,30, SUGAR & SALT,,,https://kfs24x7.com/wp-content/uploads/F370.jpg,,,,,,,,,0,0,,,,,,,,default,,,,,,,,,,,,,,,,,,,,,,,,,,,,,,,,
3149,simple,F383,RAJDHANI BROWN CHANA-500 GMX2=1 KG,1,0,visible,RAJDHANI ROASTED LONG CUT SEVIYAN WORTH RS.25 FREE,"THE RIGHT TASTE...\n\nTHE RIGHT CHOICE...",,,taxable,,1,,,0,0,,,,,0,,91,116, DALS & PULSES,,,https://kfs24x7.com/wp-content/uploads/F383-3.jpg,,,,,,,,,0,0,,,,,,,,,,,,,,,,,,,,,,,,,,,,,,,,,,,,,,,,
3150,simple,F385,RAJDHANI MASOOR SABUT DAL (CHILKA)-1 KG,1,0,visible,"THE RIGHT TASTE...\n\nTHE RIGHT CHOICE...",,,,taxable,,1,,,0,0,,,,,0,,124,172, DALS & PULSES,,,https://kfs24x7.com/wp-content/uploads/F385-1.jpg,,,,,,,,,0,0,,,,,,,,default,,,,,,,,,,,,,,,,,,,,,,,,,,,,,,,,
3151,simple,F386,RAJDHANI MASOOR SABUT DAL (CHILKA)-500 GM,1,0,visible,"THE RIGHT TASTE...\n\nTHE RIGHT CHOICE...",SCAN THE CODE AND GET Rs. 20 CASH BACK,,,taxable,,1,,,0,0,,,,,0,,64,86, DALS & PULSES,,,https://kfs24x7.com/wp-content/uploads/F386-1.jpg,,,,,,,,,0,0,,,,,,,,default,,,,,,,,,,,,,,,,,,,,,,,,,,,,,,,,
3152,simple,F388,PAPAYA-1 KG,1,0,visible,FRESH PAPAYA- MINIMUM ORDER 2 KG,FRESH PAPAYA- MINIMUM ORDER 2 KG,,,taxable,,1,,,0,0,,,,,0,,,60,,,,https://kfs24x7.com/wp-content/uploads/F388.jpg,,,,,,,,,0,0,,,,,,,,,,,,,,,,,,,,,,,,,,,,,,,,,,,,,,,,
3153,simple,F389,LOOSE YELLOW MOONG DAL-500 GM,1,0,visible,LOOSE YELLOW MOONG DAL-500 GM,IN PACKET,,,taxable,,1,,,0,0,,,,,0,,,70, DALS & PULSES,,,https://kfs24x7.com/wp-content/uploads/F389.jpeg,,,,,,,,,0,0,,,,,,,,default,,,,,,,,,,,,,,,,,,,,,,,,,,,,,,,,
3154,simple,F391,LOOSE URAD DAL DHOI-500 GM,1,0,visible,IN PACKET,LOOSE URAD DAL DHOI-500 GM X 1,,,taxable,,1,,,0,0,,,,,0,,,60, DALS & PULSES,,,https://kfs24x7.com/wp-content/uploads/F391.jpeg,,,,,,,,,0,0,,,,,,,,default,,,,,,,,,,,,,,,,,,,,,,,,,,,,,,,,
3155,simple,F392,LOOSE URAD DAL DHOI-1 KG,1,0,visible,IN PACKET,LOOSE URAD DAL DHOI-500 GM X 2=1 KG,,,taxable,,1,,,0,0,,,,,0,,,140, DALS & PULSES,,,https://kfs24x7.com/wp-content/uploads/F392-1.jpeg,,,,,,,,,0,0,,,,,,,,default,,,,,,,,,,,,,,,,,,,,,,,,,,,,,,,,
3156,simple,F393,LOOSE BROWN CHANA-500 GM,1,0,visible,,,,,taxable,,1,,,0,0,,,,,0,,,43, DALS & PULSES,,,https://kfs24x7.com/wp-content/uploads/F393.jpeg,,,,,,,,,0,0,,,,,,,,,,,,,,,,,,,,,,,,,,,,,,,,,,,,,,,,
3157,simple,F394,APPLE-1 KG,1,0,visible,"FRESH APPLE (HIMACHAL), MINIMUM ORDER 2 KG",FRESH APPLE-WASINGTON,,,taxable,,1,,,0,0,,,,,0,,,270,,,,https://kfs24x7.com/wp-content/uploads/F394.png,,,,,,,,,0,0,,,,,,,,,,,,,,,,,,,,,,,,,,,,,,,,,,,,,,,,
3158,simple,F395,FORTUNE POHA (THICK)-1 KG (500 GM FREE),1,0,visible,"<table class=""a-normal a-spacing-micro"">\n<tbody>\n<tr class=""a-spacing-small po-brand"">\n<td class=""a-span3""><span class=""a-size-base a-text-bold"">Brand</span></td>\n<td class=""a-span9""><span class=""a-size-base po-break-word"">FORTUNE</span></td>\n</tr>\n<tr class=""a-spacing-small po-diet_type"">\n<td class=""a-span3""><span class=""a-size-base a-text-bold"">Diet Type</span></td>\n<td class=""a-span9""><span class=""a-size-base po-break-word"">Vegetarian</span></td>\n</tr>\n<tr class=""a-spacing-small po-number_of_items"">\n<td class=""a-span3""><span class=""a-size-base a-text-bold"">Number of Items</span></td>\n<td class=""a-span9""><span class=""a-size-base po-break-word"">3</span></td>\n</tr>\n<tr class=""a-spacing-small po-unit_count"">\n<td class=""a-span3""><span class=""a-size-base a-text-bold"">Net Quantity</span></td>\n<td class=""a-span9""><span class=""a-size-base po-break-word"">1 KG+500.0 gram FREE</span></td>\n</tr>\n<tr class=""a-spacing-small po-item_weight"">\n<td class=""a-span3""><span class=""a-size-base a-text-bold"">Item Weight</span></td>\n<td class=""a-span9""><span class=""a-size-base po-break-word"">1 KG+500.0 gram FREE</span></td>\n</tr>\n</tbody>\n</table>","<h1 class=""a-size-base-plus a-text-bold"">About this item</h1>\n<ul class=""a-unordered-list a-vertical a-spacing-mini"">\n 	<li class=""a-spacing-small""><span class=""a-list-item"">Relish authentic Fortune Poha in the comfort of your home</span></li>\n 	<li class=""a-spacing-small""><span class=""a-list-item"">Fortune Poha is a good source of dietary fibre and protein</span></li>\n 	<li class=""a-spacing-small""><span class=""a-list-item"">It is hygienically processed and packed</span></li>\n 	<li class=""a-spacing-small""><span class=""a-list-item"">It is made of authentic Chhattisgarh rice</span></li>\n 	<li class=""a-spacing-small""><span class=""a-list-item"">Material Features: Vegetarian</span></li>\n</ul>",,,taxable,,0,,,0,0,,,,,0,,,104, RICE,,,https://kfs24x7.com/wp-content/uploads/F395-1.jpg,,,,,F286,F286,,,0,0,,classic-editor,1,,,0,0,,,,,,,,,,,,,,,,,,,,,,,,,,,,,,,,,
3159,simple,F286,RAJDHANI POHA-500 GM,1,1,visible,THE RIGHT TASTE!THE RIGHT CHOICE,,,,taxable,,1,,,0,0,,,,,0,,55,65, RICE,,,https://kfs24x7.com/wp-content/uploads/F286-2.jpg,,,,,,,,,0,0,,,,,,,,default,,,,,,,,,,,,,,,,,,,,,,,,,,,,,,,,
3214,simple,F396,TATA SAMPANN UNPOLISHED ARHAR DAL-1 KG,1,0,visible,"<table width=""602"">\n<tbody>\n<tr>\n<td width=""602"">THE RIGHT TASTE…THE RIGHT CHOICE</td>\n</tr>\n</tbody>\n</table>",,,,taxable,,1,,,0,0,,,,,0,,161,224, DALS & PULSES,,,https://kfs24x7.com/wp-content/uploads/1000122030.jpg,,,,,,,,,0,0,,,,,,,,default,,,,,,,,,,,,,,,,,,,,,,,,,,,,,,,,
3215,simple,F397,NATUROZ CALIFORNIA ALMONDS-500 GM,1,0,visible,"<ul class=""a-unordered-list a-vertical a-spacing-mini"">\n 	<li class=""a-spacing-small""><span class=""a-list-item"">Best quality product from the house of Naturoz, sourced from California USA</span></li>\n 	<li class=""a-spacing-small""><span class=""a-list-item"">Delicious crispy taste, best as a snack</span></li>\n 	<li class=""a-spacing-small""><span class=""a-list-item"">Good source of energy-encourage riboflavin, manganese and copper</span></li>\n 	<li class=""a-spacing-small""><span class=""a-list-item"">Supports healthy brain function and naturally gluten-free</span></li>\n 	<li class=""a-spacing-small""><span class=""a-list-item"">Storage information- keep it airtight &amp; refrigerated for optimum freshness</span></li>\n</ul>","<ul class=""a-unordered-list a-vertical a-spacing-mini"">\n 	<li class=""a-spacing-small""><span class=""a-list-item"">Best quality product from the house of Naturoz, sourced from California USA</span></li>\n 	<li class=""a-spacing-small""><span class=""a-list-item"">Delicious crispy taste, best as a snack</span></li>\n 	<li class=""a-spacing-small""><span class=""a-list-item"">Good source of energy-encourage riboflavin, manganese and copper</span></li>\n 	<li class=""a-spacing-small""><span class=""a-list-item"">Supports healthy brain function and naturally gluten-free</span></li>\n 	<li class=""a-spacing-small""><span class=""a-list-item"">Storage information- keep it airtight &amp; refrigerated for optimum freshness</span></li>\n</ul>",,,taxable,,1,,,0,0,,,,,0,,515,699, DRY FRUITS,,,https://kfs24x7.com/wp-content/uploads/F131.jpg,,,,,,,,,0,0,,classic-editor,1,,,0,0,,,,,,,,,,,,,,,,,,,,,,,,,,,,,,,,,
3216,simple,F398,RAJDHANI MIX DAL-500 GM,1,0,visible,"<table width=""602"">\n<tbody>\n<tr>\n<td width=""602"">THE RIGHT TASTE…THE RIGHT CHOICE</td>\n</tr>\n</tbody>\n</table>",,,,taxable,,1,,,0,0,,,,,0,,73,97, DALS & PULSES,,,https://kfs24x7.com/wp-content/uploads/F398.jpg,,,,,,,,,0,0,,,,,,,,default,,,,,,,,,,,,,,,,,,,,,,,,,,,,,,,,
3217,simple,F399,NATUROZ CALIFORNIA ALMONDS-1 KG,1,0,visible,"<ul class=""a-unordered-list a-vertical a-spacing-mini"">\n 	<li class=""a-spacing-small""><span class=""a-list-item"">Best quality product from the house of Naturoz, sourced from California USA</span></li>\n 	<li class=""a-spacing-small""><span class=""a-list-item"">Delicious crispy taste, best as a snack</span></li>\n 	<li class=""a-spacing-small""><span class=""a-list-item"">Good source of energy-encourage riboflavin, manganese and copper</span></li>\n 	<li class=""a-spacing-small""><span class=""a-list-item"">Supports healthy brain function and naturally gluten-free</span></li>\n 	<li class=""a-spacing-small""><span class=""a-list-item"">Storage information- keep it airtight &amp; refrigerated for optimum freshness</span></li>\n</ul>","<ul class=""a-unordered-list a-vertical a-spacing-mini"">\n 	<li class=""a-spacing-small""><span class=""a-list-item"">Best quality product from the house of Naturoz, sourced from California USA</span></li>\n 	<li class=""a-spacing-small""><span class=""a-list-item"">Delicious crispy taste, best as a snack</span></li>\n 	<li class=""a-spacing-small""><span class=""a-list-item"">Good source of energy-encourage riboflavin, manganese and copper</span></li>\n 	<li class=""a-spacing-small""><span class=""a-list-item"">Supports healthy brain function and naturally gluten-free</span></li>\n 	<li class=""a-spacing-small""><span class=""a-list-item"">Storage information- keep it airtight &amp; refrigerated for optimum freshness</span></li>\n</ul>\n&nbsp;",,,taxable,,1,,,0,0,,,,,0,,1015,1420, DRY FRUITS,,,https://kfs24x7.com/wp-content/uploads/F131.jpg,,,,,,,,,0,0,,classic-editor,1,,,0,0,,,,,,,,,,,,,,,,,,,,,,,,,,,,,,,,,
3218,simple,F400,LIPTON DARJEELING LONG LEAF TEA-250 GM,1,0,visible,,MADE OF 100% PURE &amp; NATURAL DARJEELING LEAVES,,,taxable,,1,,,0,0,,,,,0,,480,495, TEA,,,https://kfs24x7.com/wp-content/uploads/F400.jpg,,,,,,,,,0,0,,,,,,,,,,,,,,,,,,,,,,,,,,,,,,,,,,,,,,,,
3219,simple,F401,APPLE-1 KG,1,0,visible,FRESH APPLE (MINIMUM ORDER 2 KG),FRESH APPLE (MINIMUM ORDER 2 KG),,,taxable,,1,,,0,0,,,,,0,,,240,,,,https://kfs24x7.com/wp-content/uploads/F401.jpg,,,,,,,,,0,0,,,,,,,,,,,,,,,,,,,,,,,,,,,,,,,,,,,,,,,,
3220,simple,F402,DESHI JAGERY (GUD)-500 GM,1,0,visible,,,,,taxable,,1,,,0,0,,,,,0,,,35, SUGAR & SALT,,,https://kfs24x7.com/wp-content/uploads/F402.jpg,,,,,,,,,0,0,,,,,,,,,,,,,,,,,,,,,,,,,,,,,,,,,,,,,,,,
3221,simple,F403,FORTUNE INDORI POHA (THICK)-500 GM,1,0,visible,,BEST FOR INDORI POHA,,,taxable,,1,,,0,0,,,,,0,,60,75, RICE,,,https://kfs24x7.com/wp-content/uploads/F403.jpg,,,,,,"F505, F291, F055",,,0,0,,,,,,,,,,,,,,,,,,,,,,,,,,,,,,,,,,,,,,,,
3222,simple,F505,FORTUNE SOOJI-500 GM,1,0,visible,,,,,taxable,,1,,,0,1,,,,,1,,34,45, ATTA & FLOUR,,,https://kfs24x7.com/wp-content/uploads/images281329.jpeg,,,,,,,,,0,0,,,,,,,,,,,,,,,,,,,,,,,,,,,,,,,,,,,,,,,,
3223,simple,F291,RAJDHANI SELECT SOOJI-500 GM,1,1,visible,COARSE GRANULES,,,,taxable,,1,,,0,0,,,,,0,,40,45, ATTA & FLOUR,,,https://kfs24x7.com/wp-content/uploads/F291.jpg,,,,,,,,,0,0,,,,,,,,default,,,,,,,,,,,,,,,,,,,,,,,,,,,,,,,,
3224,simple,F456,SAMPOORNA AAHAR MAIDA-500 GM,1,0,visible,PURITY IS OUR FIRST PRIORITY,,,,taxable,,0,,,0,0,,,,,0,,26,32, ATTA & FLOUR,,,https://kfs24x7.com/wp-content/uploads/14681.jpg,,,,,,,,,0,0,,,,,,,,default,,,,,,,,,,,,,,,,,,,,,,,,,,,,,,,,
3225,simple,F407,KEHSAV BHOG CHANA SATTO-500 GM,1,1,visible,"<em>Sattoo</em> is 100% natural, and is suitable for all age groups. Sattoo is rich in protein and dietary fibre. Besides being enjoyed as a drink, ...","<em>Sattoo</em> is 100% natural, and is suitable for all age groups. Sattoo is rich in protein and dietary fibre. Besides being enjoyed as a drink, ...",,,taxable,,1,,,0,0,,,,,0,,68,85, ATTA & FLOUR,,,,,,,,,,,,0,0,,classic-editor,1,,,0,0,,,,,,,,,,,,,,,,,,,,,,,,,,,,,,,,,
3226,simple,F408,DERMI COOL POWDER-150 GM,1,1,visible,PRICKLY HEAT POWDER MENTHOL REGULAR (FREE DETTOL SOAP RS.58),,,,taxable,,1,,,0,0,,,,,0,,140,145, PERSONAL CARE,,,https://kfs24x7.com/wp-content/uploads/F408.jpg,,,,,,,,,0,0,,,,,,,,,,,,,,,,,,,,,,,,,,,,,,,,,,,,,,,,
3227,simple,F409,MDH SUPER HING-10 GM,1,1,visible,,,,,taxable,,1,,,0,0,,,,,0,,,87, MASALA,,,https://kfs24x7.com/wp-content/uploads/F409-1.jpg,,,,,,,,,0,0,,,,,,,,,,,,,,,,,,,,,,,,,,,,,,,,,,,,,,,,
3228,simple,F410,PATANJALI GUR POWDER- 1KG,1,1,visible,GUR POWDER,,,,taxable,,1,1,,0,0,,,,,0,,,85, SUGAR & SALT,,,https://kfs24x7.com/wp-content/uploads/F410.jpg,,,,,,,,,0,0,,,,,,,,,,,,,,,,,,,,,,,,,,,,,,,,,,,,,,,,
3229,simple,F411,DETTOL LIQUID HANDWASH-900 ML,1,1,visible,SUPER SAVER 5+ MONTHS PACK*,,,,taxable,,1,,,0,0,,,,,0,,143,149," HANDWASH,  PERSONAL CARE",,,https://kfs24x7.com/wp-content/uploads/F411.jpg,,,,,,,,,0,0,,,,,,,,,,,,,,,,,,,,,,,,,,,,,,,,,,,,,,,,
3230,simple,F412,BALAJI RAISIN (SMALL KISMIS)-500 GM,1,1,visible,QUALITY RELIABILITY,,,,taxable,,1,,,0,0,,,,,0,,,290, DRY FRUITS,,,https://kfs24x7.com/wp-content/uploads/F420-e1686811280544.jpg,,,,,,,,,0,0,,classic-editor,1,,,0,0,,,,,,,,,,,,,,,,,,,,,,,,,,,,,,,,,
3231,simple,F413,MOLSIS' KIMIA DATES-500 GM,1,1,visible,,,,,taxable,,0,,,0,0,,,,,0,,210,250, DRY FRUITS,,,https://kfs24x7.com/wp-content/uploads/F413-3.jpg,,,,,,,,,0,0,,,,,,,,,,,,,,,,,,,,,,,,,,,,,,,,,,,,,,,,
3232,simple,F414,RAJDHANI CHANA DAL -500 GM,1,1,visible,"<table width=""602"">\n<tbody>\n<tr>\n<td width=""602"">RAJDHANI ROASTED LONG CUT SEVIYAN WORTH RS.25 FREE</td>\n</tr>\n</tbody>\n</table>","<table width=""602"">\n<tbody>\n<tr>\n<td width=""602"">THE RIGHT TASTE…\n\nTHE RIGHT CHOICE...</td>\n</tr>\n</tbody>\n</table>",,,taxable,,1,,,0,0,,,,,0,,60,73, DALS & PULSES,,,https://kfs24x7.com/wp-content/uploads/F414-1.jpg,,,,,,,,,0,0,,,,,,,,default,,,,,,,,,,,,,,,,,,,,,,,,,,,,,,,,
3233,simple,F415,PEARS BATH SOAP (PACK OF 4)-75 GMX4,1,1,visible,"98% PURE GLYCERIN &amp; NATURAL OILS\n\nLOOK YOUNG\n\nSTAY YOUNG",PURE AND GENTLE BATHING BAR,,,taxable,,1,,,0,0,,,,,0,,,162," HANDWASH,  PERSONAL CARE",,,https://kfs24x7.com/wp-content/uploads/F415-1.jpg,,,,,,,,,0,0,,,,,,,,,,,,,,,,,,,,,,,,,,,,,,,,,,,,,,,,
3234,simple,F417,NATUROZ WHOLE CASHEWS (W320)-1 KG,1,1,visible,"<table class=""a-normal a-spacing-micro"">\n<tbody>\n<tr class=""a-spacing-small po-flavor"">\n<td class=""a-span3""><span class=""a-size-base a-text-bold"">Flavour</span></td>\n<td class=""a-span9""><span class=""a-size-base po-break-word"">Whole natural</span></td>\n</tr>\n<tr class=""a-spacing-small po-brand"">\n<td class=""a-span3""><span class=""a-size-base a-text-bold"">Brand</span></td>\n<td class=""a-span9""><span class=""a-size-base po-break-word"">Naturoz</span></td>\n</tr>\n<tr class=""a-spacing-small po-item_weight"">\n<td class=""a-span3""><span class=""a-size-base a-text-bold"">Item Weight</span></td>\n<td class=""a-span9""><span class=""a-size-base po-break-word"">1000 Grams</span></td>\n</tr>\n<tr class=""a-spacing-small po-item_form"">\n<td class=""a-span3""><span class=""a-size-base a-text-bold"">Item Form</span></td>\n<td class=""a-span9""><span class=""a-size-base po-break-word"">Whole</span></td>\n</tr>\n<tr class=""a-spacing-small po-diet_type"">\n<td class=""a-span3""><span class=""a-size-base a-text-bold"">Diet Type</span></td>\n<td class=""a-span9""><span class=""a-size-base po-break-word"">Vegetarian</span></td>\n</tr>\n</tbody>\n</table>","<h1 class=""a-size-base-plus a-text-bold"">About this item</h1>\n<ul class=""a-unordered-list a-vertical a-spacing-mini"">\n 	<li class=""a-spacing-small""><span class=""a-list-item"">Bestseller product from the house of Naturoz.</span></li>\n 	<li class=""a-spacing-small""><span class=""a-list-item"">Best quality Cashews rich in antioxidants.</span></li>\n 	<li class=""a-spacing-small""><span class=""a-list-item"">Crunchy taste, best as a snack.</span></li>\n 	<li class=""a-spacing-small""><span class=""a-list-item"">Cashews are naturally cholesterol free.</span></li>\n 	<li class=""a-spacing-small""><span class=""a-list-item"">Storage information- Keep it cool and dry place.</span></li>\n</ul>",,,taxable,,1,,,0,0,,,,,0,,1120,1300," DRY FRUITS,  VRAT & FHALAHAR",,,https://kfs24x7.com/wp-content/uploads/F130-e1686810164820.jpg,,,,,,,,,0,0,,classic-editor,1,,,0,0,,,,,,,,,,,,,,,,,,,,,,,,,,,,,,,,,
3235,simple,F418,LION  DATES-500 GM,1,1,visible,LAYINA DATES,,,,taxable,,0,,,0,0,,,,,0,,,100, DRY FRUITS,,,https://kfs24x7.com/wp-content/uploads/F418-1.jpg,,,,,,,,,0,0,,,,,,,,,,,,,,,,,,,,,,,,,,,,,,,,,,,,,,,,
3236,simple,F419,BROOKE BOND TAAZA TEA-250 GM,1,1,visible,,,,,taxable,,0,0,,0,0,,,,,0,,,55, TEA,,,https://kfs24x7.com/wp-content/uploads/F419-1.jpg,,,,,,,,,0,0,,,,,,,,,,,,,,,,,,,,,,,,,,,,,,,,,,,,,,,,
3237,simple,F454,BALAJI RAISIN (SMALL KISMIS)-750 GM,1,1,visible,ROYAL CRUNCH FOR IMMUNITY BOOSTER,,,,taxable,,1,,,0,0,,,,,0,,,435, DRY FRUITS,,,https://kfs24x7.com/wp-content/uploads/F420-e1686811280544.jpg,,,,,,,,,0,0,,classic-editor,1,,,0,0,,,,,,,,,,,,,,,,,,,,,,,,,,,,,,,,,
3238,simple,F421,VINOD WALNUT-250 GM X 3=750 GM,1,1,visible,"<h1 id=""title"" class=""a-size-large a-spacing-none""><span id=""productTitle"" class=""a-size-large product-title-word-break"">100% Natural &amp; Premium Kernel Walnuts (250 GM X 3=750 GM)</span></h1>","<h1 id=""title"" class=""a-size-large a-spacing-none""><span id=""productTitle"" class=""a-size-large product-title-word-break"">100% Natural &amp; Premium Kernel Walnuts (250 GM X 3=750 GM)</span></h1>",,,taxable,,1,,,0,0,,,,,0,,936,1800, DRY FRUITS,,,https://kfs24x7.com/wp-content/uploads/F421-1.jpg,,,,,,,,,0,0,,,,,,,,,,,,,,,,,,,,,,,,,,,,,,,,,,,,,,,,
3239,simple,F455,VINOD PISTACHIOS-250 GM,1,1,visible,"<h1 id=""title"" class=""a-size-large a-spacing-none""><span id=""productTitle"" class=""a-size-large product-title-word-break"">Roasted &amp; Lightly Salted Irani Pistachios - 100% Natural &amp; Premium</span></h1>\n(250 GM X1=250 GM)","<h1 id=""title"" class=""a-size-large a-spacing-none""><span id=""productTitle"" class=""a-size-large product-title-word-break"">Roasted &amp; Lightly Salted Irani Pistachios - 100% Natural &amp; Premium</span></h1>\n(250 GM X1=250 GM)",,,taxable,,1,,,0,0,,,,,0,,315,370, DRY FRUITS,,,https://kfs24x7.com/wp-content/uploads/F455.jpg,,,,,,,,,0,0,,classic-editor,1,,,0,0,,,,,,,,,,,,,,,,,,,,,,,,,,,,,,,,,
3293,simple,F423,L'OREAL PARIS HAIR SHAMPOO-396 ML,1,1,visible,6 OIL NOURISHSING SHAMPOO (NEW RICH IN CARE)-6 FLOWER OILS,,,,taxable,,1,,,0,0,,,,,0,,390,429, PERSONAL CARE,,,https://kfs24x7.com/wp-content/uploads/F423.jpg,,,,,,,,,0,0,,,,,,,,,,,,,,,,,,,,,,,,,,,,,,,,,,,,,,,,
3294,simple,F424,GITS RICE IDLI-500 GM,1,1,visible,MAKE 45 RICE IDLIS,,,,taxable,,1,,,0,0,,,,,0,,115,120, NAMKEEN & SNACKS,,,https://kfs24x7.com/wp-content/uploads/F424.jpg,,,,,,,,,0,0,,,,,,,,,,,,,,,,,,,,,,,,,,,,,,,,,,,,,,,,
3295,simple,F425,GODREJ NUPUR HENNA-25 GM,1,1,visible,100% PURE HENNA,,,,taxable,,1,,,0,0,,,,,0,,,15, PERSONAL CARE,,,https://kfs24x7.com/wp-content/uploads/F425.jpg,,,,,,,,,0,0,,,,,,,,,,,,,,,,,,,,,,,,,,,,,,,,,,,,,,,,
3296,simple,F426,EZEE-500 GM,1,1,visible,GENTLY CLEANS AND SOFTENS (WINTER WAER),,,,taxable,,1,,,0,0,,,,,0,,123.5,130, WASHING POWDER & DITERGENT CAKE,,,https://kfs24x7.com/wp-content/uploads/F426.jpg,,,,,,,,,0,0,,,,,,,,,,,,,,,,,,,,,,,,,,,,,,,,,,,,,,,,
3297,simple,F427,SCOTCH BRITE SCRUB SPONGE,1,1,visible,SCRUB SPONGE,,,,taxable,,1,,,0,0,,,,,0,,,65, DISH WASH BAR,,,https://kfs24x7.com/wp-content/uploads/F427.jpg,,,,,,,,,0,0,,,,,,,,,,,,,,,,,,,,,,,,,,,,,,,,,,builder,wp-post,3.16.3,,,,
3298,simple,F428,KNORR SWEET CORN VEG SOUP-12 GM,1,1,visible,CUP-a-SOUP,,,,taxable,,1,,,0,0,,,,,0,,,10, SOUP,,,https://kfs24x7.com/wp-content/uploads/F428.jpg,,,,,,,,,0,0,,,,,,,,,,,,,,,,,,,,,,,,,,,,,,,,,,,,,,,,
3299,simple,F429,KNORR TOMATO CHATPATA VEG SOUP-12 GM,1,1,visible,CUP-a-SOUP,,,,taxable,,1,,,0,0,,,,,0,,,10, SOUP,,,https://kfs24x7.com/wp-content/uploads/F429.jpg,,,,,,,,,0,0,,,,,,,,,,,,,,,,,,,,,,,,,,,,,,,,,,,,,,,,
3300,simple,F430,SCOTCH BRITE SCRUB- NET SPONGE,1,0,visible,SCRUB- NET SPONGE,,,,taxable,,1,,,0,0,,,,,0,,,55, DISH WASH BAR,,,https://kfs24x7.com/wp-content/uploads/F430.jpg,,,,,,,,,0,0,,,,,,,,,,,,,,,,,,,,,,,,,,,,,,,,,,,,,,,,
3301,simple,F451,NATURE FRESH KACHI GHANI MUSTARD OIL-1L,1,0,visible,UNTOUCHDED BY HAND,,,,taxable,,1,,,0,0,,,,,0,,168,175, OIL & GHEE,,,https://kfs24x7.com/wp-content/uploads/F451.jpg,,,,,,,,,0,0,,,,,,,,,,,,,,,,,,,,,,,,,,,,,,,,,,,,,,,,
3302,simple,F432,MANGALDEEP PUSHPANJALI-36 GM,1,0,visible,,,,,taxable,,0,0,,0,0,,,,,0,,,15, POOJA SAMAGRI,,,https://kfs24x7.com/wp-content/uploads/F432.jpg,,,,,,,,,0,0,,,,,,,,,,,,,,,,,,,,,,,,,,,,,,,,,,,,,,,,
3303,simple,F433,NATUROZ CALIFORNIA WALNUT KERNELS-400 GM,1,0,visible,"<table class=""a-normal a-spacing-micro"">\n<tbody>\n<tr class=""a-spacing-small po-flavor"">\n<td class=""a-span3""><span class=""a-size-base a-text-bold"">Flavour</span></td>\n<td class=""a-span9""><span class=""a-size-base po-break-word"">Whole Natural</span></td>\n</tr>\n<tr class=""a-spacing-small po-brand"">\n<td class=""a-span3""><span class=""a-size-base a-text-bold"">Brand</span></td>\n<td class=""a-span9""><span class=""a-size-base po-break-word"">Naturoz</span></td>\n</tr>\n<tr class=""a-spacing-small po-allergen_information"">\n<td class=""a-span3""><span class=""a-size-base a-text-bold"">Allergen Information</span></td>\n<td class=""a-span9""><span class=""a-size-base po-break-word"">Tree Nut Free</span></td>\n</tr>\n<tr class=""a-spacing-small po-item_weight"">\n<td class=""a-span3""><span class=""a-size-base a-text-bold"">Item Weight</span></td>\n<td class=""a-span9""><span class=""a-size-base po-break-word"">400 Grams</span></td>\n</tr>\n<tr class=""a-spacing-small po-item_form"">\n<td class=""a-span3""><span class=""a-size-base a-text-bold"">Item Form</span></td>\n<td class=""a-span9""><span class=""a-size-base po-break-word"">Dried</span></td>\n</tr>\n</tbody>\n</table>","<h1 class=""a-size-base-plus a-text-bold"">About this item</h1>\n<ul class=""a-unordered-list a-vertical a-spacing-mini"">\n 	<li class=""a-spacing-small""><span class=""a-list-item"">Healthy ready food to curb those hunger pangs</span></li>\n 	<li class=""a-spacing-small""><span class=""a-list-item"">Storage information- keep it cool and dry place</span></li>\n 	<li class=""a-spacing-small""><span class=""a-list-item"">Best quality walnut sourced from California usa</span></li>\n 	<li class=""a-spacing-small""><span class=""a-list-item"">Rich in beneficial nutrients. Maximum Shelf Life : 6 Months</span></li>\n 	<li class=""a-spacing-small""><span class=""a-list-item"">Best as a snack</span></li>\n 	<li class=""a-spacing-small""><span class=""a-list-item"">Premium quality, amazing taste, soft in chewing</span></li>\n 	<li class=""a-spacing-small""><span class=""a-list-item"">Processed and packed in fssc: 22000 and haccp certified plant - the best among food safety ratings</span></li>\n</ul>\n<div class=""a-row a-expander-container a-expander-inline-container"">\n<div class=""a-expander-content a-expander-extend-content a-expander-content-expanded"" aria-expanded=""true"">\n<ul class=""a-unordered-list a-vertical a-spacing-none"">\n 	<li class=""a-spacing-small""><span class=""a-list-item"">ingredients: Walnuts. allergen_information: Walnuts</span></li>\n 	<li class=""a-spacing-small""><span class=""a-list-item"">flavor_name: Whole Natural.</span></li>\n</ul>\n</div>\n</div>",,,taxable,,1,,,0,0,,,,,0,,555,750," DRY FRUITS,  VRAT & FHALAHAR",,,https://kfs24x7.com/wp-content/uploads/F443.jpg,,,,,,,,,0,0,,classic-editor,1,,,0,0,,,,,,,,,,,,,,,,,,,,,,,,,,,,,,,,,
3304,simple,F434,ALFA ALUMINIUM FOIL-9 MTR,1,0,visible,FOOD GRADE PREMIUM QUALITY,,,,taxable,,0,,,0,0,,,,,0,,70,91, TISSUE PAPERS & DISPOSABLE ITEMS,,,https://kfs24x7.com/wp-content/uploads/F434.jpg,,,,,,,,,0,0,,,,,,,,,,,,,,,,,,,,,,,,,,,,,,,,,,,,,,,,
3305,simple,F435,CLARET WHITE FACIAL TISSUES-400 SHEETS,1,0,visible,ULTRA SOFT WHITE FACIAL TISSUES,,,,taxable,,1,,,0,0,,,,,0,,120,145, TISSUE PAPERS & DISPOSABLE ITEMS,,,https://kfs24x7.com/wp-content/uploads/F435.jpg,,,,,,,,,0,0,,,,,,,,,,,,,,,,,,,,,,,,,,,,,,,,,,,,,,,,
3306,simple,F436,CLARET WHITE FACIAL TISSUES-200 SHEETS,1,0,visible,ULTRA SOFT WHITE FACIAL TISSUES,,,,taxable,,1,,,0,0,,,,,0,,87,95, TISSUE PAPERS & DISPOSABLE ITEMS,,,https://kfs24x7.com/wp-content/uploads/F436.jpg,,,,,,,,,0,0,,,,,,,,,,,,,,,,,,,,,,,,,,,,,,,,,,,,,,,,
3307,simple,F437,CLARET TABLE TOP NAPKINS-50 SHEETS (33X33 CM),1,0,visible,NATURAL WHITE (OBA FREE) AND SUITABLE FOR SKIN,,,,taxable,,1,,,0,0,,,,,0,,60,75, TISSUE PAPERS & DISPOSABLE ITEMS,,,https://kfs24x7.com/wp-content/uploads/F437.jpg,,,,,,,,,0,0,,,,,,,,,,,,,,,,,,,,,,,,,,,,,,,,,,,,,,,,
3308,simple,F438,CLARET TABLE TOP NAPKINS-100 SHEETS ((27X30 CM),1,0,visible,NATURAL WHITE (OBA FREE) AND SUITABLE FOR SKIN,,,,taxable,,1,,,0,0,,,,,0,,42,55, TISSUE PAPERS & DISPOSABLE ITEMS,,,https://kfs24x7.com/wp-content/uploads/F438.jpg,,,,,,,,,0,0,,,,,,,,,,,,,,,,,,,,,,,,,,,,,,,,,,,,,,,,
3309,simple,F439,CLARET KITCHEN TOWEL ROLL-1 ROLL,1,0,visible,"HYGIENIC, SOFT AND NATURAL",,,,taxable,,1,,,0,0,,,,,0,,68,80, TISSUE PAPERS & DISPOSABLE ITEMS,,,https://kfs24x7.com/wp-content/uploads/F439.jpg,,,,,,,,,0,0,,,,,,,,,,,,,,,,,,,,,,,,,,,,,,,,,,,,,,,,
3310,simple,F440,CLARET QUALITY TOILET ROLL-1 ROLL,1,0,visible,"HYGIENIC, SOFT AND NATURAL",,,,taxable,,1,,,0,0,,,,,0,,45,70, TISSUE PAPERS & DISPOSABLE ITEMS,,,https://kfs24x7.com/wp-content/uploads/F440.jpg,,,,,,,,,0,0,,,,,,,,,,,,,,,,,,,,,,,,,,,,,,,,,,,,,,,,
3311,simple,F441,LOOSE AJWAIN-50 GM,1,0,visible,IN PACKING,IN PACKING,,,taxable,,1,,,0,0,,,,,0,,,22, MASALA,,,https://kfs24x7.com/wp-content/uploads/F151-1.jpg,,,,,,,,,0,0,,,,,,,,,,,,,,,,,,,,,,,,,,,,,,,,,,,,,,,,
3312,simple,F443,NATUROZ CALIFORNIA WALNUT KERNELS-200 GM,1,0,visible,"<table class=""a-normal a-spacing-micro"">\n<tbody>\n<tr class=""a-spacing-small po-flavor"">\n<td class=""a-span3""><span class=""a-size-base a-text-bold"">Flavour</span></td>\n<td class=""a-span9""><span class=""a-size-base po-break-word"">Whole Natural</span></td>\n</tr>\n<tr class=""a-spacing-small po-brand"">\n<td class=""a-span3""><span class=""a-size-base a-text-bold"">Brand</span></td>\n<td class=""a-span9""><span class=""a-size-base po-break-word"">Naturoz</span></td>\n</tr>\n<tr class=""a-spacing-small po-allergen_information"">\n<td class=""a-span3""><span class=""a-size-base a-text-bold"">Allergen Information</span></td>\n<td class=""a-span9""><span class=""a-size-base po-break-word"">Tree Nut Free</span></td>\n</tr>\n<tr class=""a-spacing-small po-item_weight"">\n<td class=""a-span3""><span class=""a-size-base a-text-bold"">Item Weight</span></td>\n<td class=""a-span9""><span class=""a-size-base po-break-word"">200 Grams</span></td>\n</tr>\n<tr class=""a-spacing-small po-item_form"">\n<td class=""a-span3""><span class=""a-size-base a-text-bold"">Item Form</span></td>\n<td class=""a-span9""><span class=""a-size-base po-break-word"">Dried</span></td>\n</tr>\n</tbody>\n</table>","<h1 class=""a-size-base-plus a-text-bold"">About this item</h1>\n<ul class=""a-unordered-list a-vertical a-spacing-mini"">\n 	<li class=""a-spacing-small""><span class=""a-list-item"">Healthy ready food to curb those hunger pangs</span></li>\n 	<li class=""a-spacing-small""><span class=""a-list-item"">Storage information- keep it cool and dry place</span></li>\n 	<li class=""a-spacing-small""><span class=""a-list-item"">Best quality walnut sourced from California usa</span></li>\n 	<li class=""a-spacing-small""><span class=""a-list-item"">Rich in beneficial nutrients. Maximum Shelf Life : 6 Months</span></li>\n 	<li class=""a-spacing-small""><span class=""a-list-item"">Best as a snack</span></li>\n 	<li class=""a-spacing-small""><span class=""a-list-item"">Premium quality, amazing taste, soft in chewing</span></li>\n 	<li class=""a-spacing-small""><span class=""a-list-item"">Processed and packed in fssc: 22000 and haccp certified plant - the best among food safety ratings</span></li>\n</ul>\n<div class=""a-row a-expander-container a-expander-inline-container"">\n<div class=""a-expander-content a-expander-extend-content a-expander-content-expanded"" aria-expanded=""true"">\n<ul class=""a-unordered-list a-vertical a-spacing-none"">\n 	<li class=""a-spacing-small""><span class=""a-list-item"">ingredients: Walnuts. allergen_information: Walnuts</span></li>\n 	<li class=""a-spacing-small""><span class=""a-list-item"">flavor_name: Whole Natural.</span></li>\n</ul>\n</div>\n</div>",,,taxable,,0,,,0,0,,,,,0,,292,375," DRY FRUITS,  VRAT & FHALAHAR",,,https://kfs24x7.com/wp-content/uploads/F443.jpg,,,,,,,,,0,0,,classic-editor,1,,,0,0,,,,,,,,,,,,,,,,,,,,,,,,,,,,,,,,,
3313,simple,F444,LOOSE DAL CHINI-50 GM,1,0,visible,,,,,taxable,,1,,,0,0,,,,,0,,,24, MASALA,,,https://kfs24x7.com/wp-content/uploads/F444.jpg,,,,,,,,,0,0,,,,,,,,,,,,,,,,,,,,,,,,,,,,,,,,,,,,,,,,
3314,simple,F445,LOOSE MANGRAIL-50 GM,1,0,visible,,,,,taxable,,0,,,0,0,,,,,0,,,17, MASALA,,,https://kfs24x7.com/wp-content/uploads/F445.jpg,,,,,,,,,0,0,,,,,,,,,,,,,,,,,,,,,,,,,,,,,,,,,,,,,,,,
3315,simple,F448,TATA ROCK SALT-1 KG,1,0,visible,WITH NATURAL TRACE MINERALS,,,,taxable,,1,,,0,0,,,,,0,,115,120, SUGAR & SALT,,,https://kfs24x7.com/wp-content/uploads/F448.jpg,,,,,,,,,0,0,,,,,,,,default,,,,,,,,,,,,,,,,,,,,,,,,,,,,,,,,
3316,simple,F017,BOURN VITA-500GM,1,0,visible,"""TANN KI SHAKTI MANN KI SHAKTI""",,,,taxable,,0,,,0,0,,,,,0,,211.85,223, HEALTH DRINK,,,https://kfs24x7.com/wp-content/uploads/F015-2.jpg,,,,,,,,,0,0,,,,,,,,,,,,,,,,,,,,,,,,,,,,,,,,,,,,,,,,
3317,simple,F020,PARLE HIDE&SEEK-100 GM,1,0,visible,DELICIOUS CHOCO FILLED ROLLS,,,,taxable,,1,1,,0,0,,,,,0,,29.1,30, BISCUITS & CAKES,,,https://kfs24x7.com/wp-content/uploads/F020-2.jpg,,,,,,,,,0,0,,,,,,,,,,,,,,,,,,,,,,,,,,,,,,,,,,,,,,,,
3318,simple,F024,KELLOGG'S CHOCOS-125GM,1,0,visible,DOODH KA SOLID DOST,,,,taxable,,0,0,,0,0,,,,,0,,52.25,55, BISCUITS & CAKES,,,https://kfs24x7.com/wp-content/uploads/F024-1.jpg,,,,,,,,,0,0,,,,,,,,,,,,,,,,,,,,,,,,,,,,,,,,,,,,,,,,
3319,simple,F054,HALDIRAM NUT CRACKER-200 GM,1,0,visible,CRISPY CRUNCHY,Delightfully scrumptious snack to binge on anytime of the day.,,,taxable,,1,,,0,0,,,,,0,,49.5,52, NAMKEEN & SNACKS,,,https://kfs24x7.com/wp-content/uploads/F054.jpg,,,,,,,,,0,0,,,,,,,,,,,,,,,,,,,,,,,,,,,,,,,,,,,,,,,,
3320,simple,F065,PATANJALI MULTI GRAIN DALIA -500GM,1,0,visible,PUSHTAHAR DALIA,,,,taxable,,1,2,,0,0,,,,,0,,38,40, ATTA & FLOUR,,,https://kfs24x7.com/wp-content/uploads/F065.jpg,,,,,,,,,0,0,,,,,,,,,,,,,,,,,,,,,,,,,,,,,,,,,,,,,,,,
3321,simple,F070,PATANJALI  DALIA -500GM,1,0,visible,,,,,taxable,,0,,,0,0,,,,,0,,,25, ATTA & FLOUR,,,https://kfs24x7.com/wp-content/uploads/F070.jpg,,,,,,,,,0,0,,,,,,,,,,,,,,,,,,,,,,,,,,,,,,,,,,,,,,,,
3378,simple,F095,TATA SAMPANN CORIANDER (DHANIA) POWDER-500 GM,1,0,visible,MADE FROM WHOLE SPICES WHICH CONTAIN NATURAL OILS,WITH NATURAL OILS,,,taxable,,0,,,0,0,,,,,0,,141,166, MASALA,,,https://kfs24x7.com/wp-content/uploads/F095.jpg,,,,,,,,,0,0,,,,,,,,,,,,,,,,,,,,,,,,,,,,,,,,,,,,,,,,
3379,simple,F111,CATCH CORIANDER POWDER (DHANIYA)-200 GM,1,0,visible,"<h1 class=""a-size-base-plus a-text-bold"">About this item</h1>\n<ul class=""a-unordered-list a-vertical a-spacing-mini"">\n 	<li><span class=""a-list-item"">RICH IN FLAVOUR: Catch Coriander Powder is rich in flavour and taste, a must-have ingredient</span></li>\n 	<li><span class=""a-list-item"">DISTINCT AROMA &amp; COLOUR: Catch Coriander Powder gives a distinct aroma and colour to dishes</span></li>\n 	<li><span class=""a-list-item"">SOURCED FROM BEST FARMS: The Coriander (Dhaniya) is sourced from the farms of Ramganj &amp; Kota.</span></li>\n 	<li><span class=""a-list-item"">PACKED HYGIENICALLY: Catch Spices are packed hygienically ensuring minimal human contact</span></li>\n</ul>","The leaves and stems of coriander have more nutritional power than the seeds, hosting relatively large amounts of vitamins and minerals. That said, the seeds are still a good source of fiber, as well as minerals including calcium, iron, magnesium and manganese.\n\nIn addition, coriander seeds have been associated with several positive health outcomes. These include lower blood sugar, improved heart health, reduced anxiety, healthy digestion, and slowed aging of the skin.\n\n&nbsp;\n<div id=""AdThrive_Content_3_desktop"" class=""adthrive-ad adthrive-content adthrive-content-3 adthrive-ad-cls"" data-google-query-id=""CPLEp6H0p_oCFa-JZgIdoG0KOg""></div>",,,taxable,,1,,,0,0,,,,,0,,78,84, MASALA,,,https://kfs24x7.com/wp-content/uploads/F111.jpg,,,,,,,,,0,0,,,,,,,,,,,,,,,,,,,,,,,,,,,,,,,,,,,,,,,,
3380,simple,F135,BALAJI RAISIN (SMALL KISMIS)-1 KG,1,0,visible,,,,,taxable,,1,,,0,0,,,,,0,,,580," DRY FRUITS,  VRAT & FHALAHAR",,,https://kfs24x7.com/wp-content/uploads/F420-e1686811280544.jpg,,,,,,,,,0,0,,classic-editor,1,,,0,0,,,,,,,,,,,,,,,,,,,,,,,,,,,,,,,,,
3381,simple,F140,SAFFOLA GOLD OIL-5 LTR,1,0,visible,THE TEST OF INDIA,,,,taxable,,0,,,0,0,,,,,0,,1035,1145, OIL & GHEE,,,https://kfs24x7.com/wp-content/uploads/32821.jpg,,,,,,,,,0,0,,,,,,,,,,,,,,,,,,,,,,,,,,,,,,,,,,,,,,,,
3382,simple,F157,LOOSE CHHOTI ELAICHI/GREEN CARDAMOM-50GM,1,0,visible,,,,,taxable,,1,,,0,0,,,,,0,,,200, MASALA,,,https://kfs24x7.com/wp-content/uploads/F157.jpg,,,,,,,,,0,0,,,,,,,,,,,,,,,,,,,,,,,,,,,,,,,,,,,,,,,,
3383,simple,F163,NATURE FRESH SAMPOORAN CHAKKI ATTA-10 KG,1,0,visible,SAMPOORAN CHAKKI ATTA,,,,taxable,,0,,,0,0,,,,,0,,325,375, ATTA & FLOUR,,,https://kfs24x7.com/wp-content/uploads/F163.jpg,,,,,,,,,0,0,,,,,,,,,,,,,,,,,,,,,,,,,,,,,,,,,,,,,,,,
3384,simple,F196,INDIA GATE BASMATI RICE SUPER-1 KG+25% EXTRA,1,0,visible,"<table class=""a-normal a-spacing-micro"">\n<tbody>\n<tr class=""a-spacing-small po-brand"">\n<td class=""a-span3""><span class=""a-size-base a-text-bold"">Brand</span></td>\n<td class=""a-span9""><span class=""a-size-base po-break-word"">India Gate</span></td>\n</tr>\n<tr class=""a-spacing-small po-number_of_items"">\n<td class=""a-span3""><span class=""a-size-base a-text-bold"">Number of Items</span></td>\n<td class=""a-span9""><span class=""a-size-base po-break-word"">1</span></td>\n</tr>\n<tr class=""a-spacing-small po-unit_count"">\n<td class=""a-span3""><span class=""a-size-base a-text-bold"">Net Quantity</span></td>\n<td class=""a-span9""><span class=""a-size-base po-break-word"">1000 gram</span></td>\n</tr>\n<tr class=""a-spacing-small po-item_weight"">\n<td class=""a-span3""><span class=""a-size-base a-text-bold"">Item Weight</span></td>\n<td class=""a-span9""><span class=""a-size-base po-break-word"">1000 Grams</span></td>\n</tr>\n<tr class=""a-spacing-small po-container.type"">\n<td class=""a-span3""><span class=""a-size-base a-text-bold"">Package Information</span></td>\n<td class=""a-span9""><span class=""a-size-base po-break-word"">Pouch</span></td>\n</tr>\n</tbody>\n</table>","<h1 class=""a-size-base-plus a-text-bold"">About this item</h1>\n<ul class=""a-unordered-list a-vertical a-spacing-mini"">\n 	<li class=""a-spacing-small""><span class=""a-list-item"">Country of Origin: India</span></li>\n 	<li class=""a-spacing-small""><span class=""a-list-item"">Long grain</span></li>\n 	<li class=""a-spacing-small""><span class=""a-list-item"">Aged rice</span></li>\n 	<li class=""a-spacing-small""><span class=""a-list-item"">Super quality</span></li>\n 	<li class=""a-spacing-small""><span class=""a-list-item"">World's largest rice miller</span></li>\n 	<li class=""a-spacing-small""><span class=""a-list-item"">material features:vegetarian</span></li>\n</ul>",,,taxable,,1,,,0,0,,,,,0,,180,209, RICE,,,https://kfs24x7.com/wp-content/uploads/F196-1.jpg,,,,,,,,,0,0,,classic-editor,1,,,0,0,default,,,,,,,,,,,,,,,,,,,,,,,,,,,,,,,,
3385,simple,F245,DETTOL BATH SOAP-75GMX4,1,0,visible,BUY 3 GET 1 FREE,Buy 3 get 1 free,,,taxable,,0,,,0,0,,,,,0,,107,110, PERSONAL CARE,,,https://kfs24x7.com/wp-content/uploads/F245.jpg,,,,,,,,,0,0,,,,,,,,,,,,,,,,,,,,,,,,,,,,,,,,,,,,,,,,
3386,simple,F279,RAJDHANI BESAN-500 GM,1,1,visible,"GRAM FLOUR, GRADE-1",,,,taxable,,1,,,0,0,,,,,0,,56,70, ATTA & FLOUR,,,https://kfs24x7.com/wp-content/uploads/F279.jpg,,,,,,,,,0,0,,,,,,,,default,,,,,,,,,,,,,,,,,,,,,,,,,,,,,,,,
3387,simple,F370,NOURISH MASOOR SABUT (UNPOLISHED)-500 GM,1,0,visible,PURITY IS OUR FIRST PRIORITY,,,,taxable,,0,,,0,0,,,,,0,,61,68, DALS & PULSES,,,https://kfs24x7.com/wp-content/uploads/F370-1.jpg,,,,,,,,,0,0,,classic-editor,1,,,0,0,default,,,,,,,,,,,,,,,,,,,,,,,,,,,,,,,,
3388,simple,F420,BALAJI RAISIN (SMALL KISMIS)-250 GM,1,0,visible,,,,,taxable,,1,,,0,0,,,,,0,,148,249, DRY FRUITS,,,https://kfs24x7.com/wp-content/uploads/F420-e1686811280544.jpg,,,,,,,,,0,0,,classic-editor,1,,,0,0,,,,,,,,,,,,,,,,,,,,,,,,,,,,,,,,,
3389,simple,F422,SACHAMOTI TAPIOCA SAGO (SABUDANA) MEDIUM DANA-500 GM,1,0,visible,,,,,taxable,,1,,,0,0,,,,,0,,60,70, VRAT & FHALAHAR,,,https://kfs24x7.com/wp-content/uploads/F422.jpg,,,,,,,,,0,0,,,,,,,,,,,,,,,,,,,,,,,,,,,,,,,,,,,,,,,,
3390,simple,F431,SAFFOLA GOLD-5 LTR+1L POUCH FREE,1,0,visible,PRO HEALTHY LIFESTYLE,,,,taxable,,0,,,0,0,,,,,0,,,1144, OIL & GHEE,,,https://kfs24x7.com/wp-content/uploads/F431.png,,,,,,,,,0,0,,,,,,,,,,,,,,,,,,,,,,,,,,,,,,,,,,,,,,,,
3391,simple,F446,LOOSE KHADA SUPARI-50 GM,1,0,visible,,,,,taxable,,0,,,0,0,,,,,0,,,27, POOJA SAMAGRI,,,https://kfs24x7.com/wp-content/uploads/F446.jpg,,,,,,,,,0,0,,,,,,,,,,,,,,,,,,,,,,,,,,,,,,,,,,,,,,,,
3392,simple,F021,MISHRAMBU KESHARIA BADAM-750 ML,1,0,visible,KESHARIA BADAM DRY NUT SYRUP,,,,taxable,,1,,,0,0,,,,,0,,330,350, HEALTH DRINK,,,https://kfs24x7.com/wp-content/uploads/F021.jpg,,,,,,,,,0,0,,,,,,,,,,,,,,,,,,,,,,,,,,,,,,,,,,,,,,,,
3393,simple,F126,LOOSE JEERA-100 GM,1,0,visible,IN PACKING,IN PACKING,,,taxable,,1,,,0,0,,,,,0,,,40, MASALA,,,https://kfs24x7.com/wp-content/uploads/18205.jpg,,,,,,,,,0,0,,,,,,,,,,,,,,,,,,,,,,,,,,,,,,,,,,,,,,,,
3394,simple,F141,OLEEV ACTIVE OIL-1L,1,0,visible,GO BEYOND,,,,taxable,,1,,,0,0,,,,,0,,,275, OIL & GHEE,,,https://kfs24x7.com/wp-content/uploads/F141.jpg,,,,,,,,,0,0,,,,,,,,,,,,,,,,,,,,,,,,,,,,,,,,,,,,,,,,
3395,simple,F144,NATUROZ WHOLE CASHEWES (W320)-500 GM,1,1,visible,"<table class=""a-normal a-spacing-micro"">\n<tbody>\n<tr class=""a-spacing-small po-flavor"">\n<td class=""a-span3""><span class=""a-size-base a-text-bold"">Flavour</span></td>\n<td class=""a-span9""><span class=""a-size-base po-break-word"">Whole natural</span></td>\n</tr>\n<tr class=""a-spacing-small po-brand"">\n<td class=""a-span3""><span class=""a-size-base a-text-bold"">Brand</span></td>\n<td class=""a-span9""><span class=""a-size-base po-break-word"">Naturoz</span></td>\n</tr>\n<tr class=""a-spacing-small po-item_weight"">\n<td class=""a-span3""><span class=""a-size-base a-text-bold"">Item Weight</span></td>\n<td class=""a-span9""><span class=""a-size-base po-break-word"">500 Grams</span></td>\n</tr>\n<tr class=""a-spacing-small po-item_form"">\n<td class=""a-span3""><span class=""a-size-base a-text-bold"">Item Form</span></td>\n<td class=""a-span9""><span class=""a-size-base po-break-word"">Whole</span></td>\n</tr>\n<tr class=""a-spacing-small po-diet_type"">\n<td class=""a-span3""><span class=""a-size-base a-text-bold"">Diet Type</span></td>\n<td class=""a-span9""><span class=""a-size-base po-break-word"">Vegetarian</span></td>\n</tr>\n</tbody>\n</table>","<h1 class=""a-size-base-plus a-text-bold"">About this item</h1>\n<ul class=""a-unordered-list a-vertical a-spacing-mini"">\n 	<li class=""a-spacing-small""><span class=""a-list-item"">Bestseller product from the house of Naturoz.</span></li>\n 	<li class=""a-spacing-small""><span class=""a-list-item"">Best quality Cashews rich in antioxidants.</span></li>\n 	<li class=""a-spacing-small""><span class=""a-list-item"">Crunchy taste, best as a snack.</span></li>\n 	<li class=""a-spacing-small""><span class=""a-list-item"">Cashews are naturally cholesterol free.</span></li>\n 	<li class=""a-spacing-small""><span class=""a-list-item"">Storage information- Keep it cool and dry place.</span></li>\n</ul>",,,taxable,,1,,,0,0,,,,,0,,540,650," DRY FRUITS,  VRAT & FHALAHAR",,,https://kfs24x7.com/wp-content/uploads/F130-e1686810164820.jpg,,,,,,,,,0,0,,classic-editor,1,,,0,0,,,,,,,,,,,,,,,,,,,,,,,,,,,,,,,,,
3396,simple,F164,AASHIRVAAD SUDH CHAKKI ATTA-11 KG,1,0,visible,,,,,taxable,,1,,,0,0,,,,,0,,420,440, ATTA & FLOUR,,,https://kfs24x7.com/wp-content/uploads/29359.jpg,,,,,,,,,0,0,,,,,,,,,,,,,,,,,,,,,,,,,,,,,,,,,,,,,,,,
3397,simple,F197,INDIA GATE BASMATI RICE MINI MOGRA-10 KG,1,0,visible,BASMATI RICE,,,,taxable,,1,,,0,0,,,,,0,,640,735, RICE,,,https://kfs24x7.com/wp-content/uploads/F197.jpg,,,,,,,,,0,0,,,,,,,,,,,,,,,,,,,,,,,,,,,,,,,,,,,,,,,,
3398,simple,F285,JOHNSON & JOHNSON BABY SOAP-50GM,1,0,visible,WITH BABY LOTION & VITAMIN E,,,,taxable,,0,,,0,0,,,,,0,,,35, BABY CARE,,,https://kfs24x7.com/wp-content/uploads/F285-1.jpg,,,,,,,,,0,0,,,,,,,,,,,,,,,,,,,,,,,,,,,,,,,,,,,,,,,,
3399,simple,F404,FORTUNE POHA (THICK)-500 GM,1,0,visible,,HYGIENIC PROCESSING,,,taxable,,1,,,0,0,,,,,0,,60,70, RICE,,,https://kfs24x7.com/wp-content/uploads/F404.jpg,,,,,"F504, F287, F456","F504, F287, F456",,,0,0,,,,,,,,,,,,,,,,,,,,,,,,,,,,,,,,,,,,,,,,
3400,simple,F504,FORTUNE MAIDA-500 GM,1,0,visible,,,,,taxable,,1,,,0,1,,,,,1,,35,39, ATTA & FLOUR,,,https://kfs24x7.com/wp-content/uploads/images281229.jpeg,,,,,,,,,0,0,,,,,,,,default,,,,,,,,,,,,,,,,,,,,,,,,,,,,,,,,
3401,simple,F287,RAJDHANI SELECT MAIDA-500 GM,1,1,visible,THE RIGHT TASTE?THE RIGHT CHOICE,,,,taxable,,1,,,0,0,,,,,0,,41,45, ATTA & FLOUR,,,https://kfs24x7.com/wp-content/uploads/F287-1.jpg,,,,,,,,,0,0,,,,,,,,,,,,,,,,,,,,,,,,,,,,,,,,,,,,,,,,
3402,simple,F447,MADHUR SUGAR-5 KG,1,0,visible,PURE &amp; HYGIENIC SUGAR,,,,taxable,,0,,,0,0,,,,,0,,248,295, SUGAR & SALT,,,https://kfs24x7.com/wp-content/uploads/F447.jpg,,,,,,,,,0,0,,,,,,,,default,,,,,,,,,,,,,,,,,,,,,,,,,,,,,,,,
3403,simple,F449,SAFFOLA GOLD OIL-1L POUCH,1,0,visible,PRO HEALTHY LIFESTYLE,,,,taxable,,1,,,0,0,,,,,0,,,185, OIL & GHEE,,,https://kfs24x7.com/wp-content/uploads/F449.jpg,,,,,,,,,0,0,,,,,,,,default,,,,,,,,,,,,,,,,,,,,,,,,,,,,,,,,
3404,simple,F165,NATURE FRESH SAMPOORAN CHAKKI ATTA-5KG,1,0,visible,SAMPOORAN CHAKKI ATTA,,,,taxable,,0,,,0,0,,,,,0,,180,195, ATTA & FLOUR,,,https://kfs24x7.com/wp-content/uploads/F165.jpg,,,,,,,,,0,0,,,,,,,,,,,,,,,,,,,,,,,,,,,,,,,,,,,,,,,,
3405,simple,F198,INDIA GATE BASMATI RICE MOGRA-5 KG,1,0,visible,BASMATI RICE,,,,taxable,,1,,,0,0,,,,,0,,361,410, RICE,,,https://kfs24x7.com/wp-content/uploads/F198.jpg,,,,,,,,,0,0,,,,,,,,,,,,,,,,,,,,,,,,,,,,,,,,,,,,,,,,
3406,simple,F290,AMUL COW GHEE (TETRA PACK)-1L,1,1,visible,THE TEST OF INDIA,,,,taxable,,1,,,0,0,,,,,0,,510,520, OIL & GHEE,,,https://kfs24x7.com/wp-content/uploads/F290.jpg,,,,,,,,,0,0,,,,,,,,,,,,,,,,,,,,,,,,,,,,,,,,,,,,,,,,
3407,simple,F442,CHUK DE GOND KATIRA (TRAGACANTH GUM)-50 GM,1,0,visible,SAAF NAHI TOH PAISE NAHI,THE SAFEST SPICE OF INDIA,,,taxable,,1,,,0,0,,,,,0,,33,40," DRY FRUITS,  MASALA",,,https://kfs24x7.com/wp-content/uploads/F442-1.jpg,,,,,,,,,0,0,,,,,,,,,,,,,,,,,,,,,,,,,,,,,,,,,,,,,,,,
3463,simple,F450,BAIL KOLHU KACHI GHANI-1L,1,0,visible,,,,,taxable,,1,,,0,0,,,,,0,,170,185, OIL & GHEE,,,https://kfs24x7.com/wp-content/uploads/F450.jpg,,,,,,,,,0,0,,,,,,,,default,,,,,,,,,,,,,,,,,,,,,,,,,,,,,,,,
3464,simple,F166,AASHIRVAAD ATTA WITH MULTIGRAINS-5 KG,1,1,visible,ATTA WITH MULTIGRAINS (HIGH FIBER),,,,taxable,,0,,,0,0,,,,,0,,309,327, ATTA & FLOUR,,,https://kfs24x7.com/wp-content/uploads/F166.jpg,,,,,,,,,0,0,,,,,,,,,,,,,,,,,,,,,,,,,,,,,,,,,,,,,,,,
3465,simple,F199,INDIA GATE BASMATI RICE MINI MOGRA-5 KG,1,1,visible,BASMATI RICE,,,,taxable,,1,,,0,0,,,,,0,,340,378, RICE,,,https://kfs24x7.com/wp-content/uploads/F199-1.jpg,,,,,,,,,0,0,,classic-editor,,,,,,,,,,,,,,,,,,,,,,,,,,,,,,,,,,,,,,
3466,simple,F452,ANIK GHEE-1 L,1,1,visible,RICH AROMA RICH TASTE,,,,taxable,,1,,,0,0,,,,,0,,675,700, OIL & GHEE,,,https://kfs24x7.com/wp-content/uploads/F452.jpg,,,,,,,,,0,0,,,,,,,,,,,,,,,,,,,,,,,,,,,,,,,,,,,,,,,,
3467,simple,F200,BRITANNIA NUTRI CHOICE DIGESTIVE BISCUIT - 1 KG,1,1,visible,"<table class=""a-normal a-spacing-micro"">\n<tbody>\n<tr class=""a-spacing-small po-occasion_type"">\n<td class=""a-span3""><span class=""a-size-base a-text-bold"">Occasion</span></td>\n<td class=""a-span9""><span class=""a-size-base po-break-word"">New Baby, Anniversary, Thank, Thanksgiving</span></td>\n</tr>\n<tr class=""a-spacing-small po-diet_type"">\n<td class=""a-span3""><span class=""a-size-base a-text-bold"">Diet Type</span></td>\n<td class=""a-span9""><span class=""a-size-base po-break-word"">Vegetarian</span></td>\n</tr>\n<tr class=""a-spacing-small po-unit_count"">\n<td class=""a-span3""><span class=""a-size-base a-text-bold"">Net Quantity</span></td>\n<td class=""a-span9""><span class=""a-size-base po-break-word"">1000 gram</span></td>\n</tr>\n<tr class=""a-spacing-small po-brand"">\n<td class=""a-span3""><span class=""a-size-base a-text-bold"">Brand</span></td>\n<td class=""a-span9""><span class=""a-size-base po-break-word"">Generic</span></td>\n</tr>\n<tr class=""a-spacing-small po-item_firmness_description"">\n<td class=""a-span3""><span class=""a-size-base a-text-bold"">Item Firmness Description</span></td>\n<td class=""a-span9""><span class=""a-size-base po-break-word"">Fragile</span></td>\n</tr>\n<tr class=""a-spacing-small po-package_type_name"">\n<td class=""a-span3""><span class=""a-size-base a-text-bold"">Package Type</span></td>\n<td class=""a-span9""><span class=""a-size-base po-break-word"">Pouch</span></td>\n</tr>\n</tbody>\n</table>","<table class=""a-normal a-spacing-micro"">\n<tbody>\n<tr class=""a-spacing-small po-occasion_type"">\n<td class=""a-span3""><span class=""a-size-base a-text-bold"">Occasion</span></td>\n<td class=""a-span9""><span class=""a-size-base po-break-word"">New Baby, Anniversary, Thank, Thanksgiving</span></td>\n</tr>\n<tr class=""a-spacing-small po-diet_type"">\n<td class=""a-span3""><span class=""a-size-base a-text-bold"">Diet Type</span></td>\n<td class=""a-span9""><span class=""a-size-base po-break-word"">Vegetarian</span></td>\n</tr>\n<tr class=""a-spacing-small po-unit_count"">\n<td class=""a-span3""><span class=""a-size-base a-text-bold"">Net Quantity</span></td>\n<td class=""a-span9""><span class=""a-size-base po-break-word"">1000 gram</span></td>\n</tr>\n<tr class=""a-spacing-small po-brand"">\n<td class=""a-span3""><span class=""a-size-base a-text-bold"">Brand</span></td>\n<td class=""a-span9""><span class=""a-size-base po-break-word"">Generic</span></td>\n</tr>\n<tr class=""a-spacing-small po-item_firmness_description"">\n<td class=""a-span3""><span class=""a-size-base a-text-bold"">Item Firmness Description</span></td>\n<td class=""a-span9""><span class=""a-size-base po-break-word"">Fragile</span></td>\n</tr>\n<tr class=""a-spacing-small po-package_type_name"">\n<td class=""a-span3""><span class=""a-size-base a-text-bold"">Package Type</span></td>\n<td class=""a-span9""><span class=""a-size-base po-break-word"">Pouch</span></td>\n</tr>\n</tbody>\n</table>",,,taxable,,1,,,0,0,,,,,0,,180,199, BISCUITS & CAKES,,,https://kfs24x7.com/wp-content/uploads/F200-1.jpg,,,,,,,,,0,0,,classic-editor,1,,,0,0,,,,,,,,,,,,,,,,,,,,,,,,,,,,,,,,,
3468,simple,F268,FORTUNE  BASMATI RICE (BIRYANI SPECIAL)-1 KG,1,1,visible,"<table class=""a-normal a-spacing-micro"">\n<tbody>\n<tr class=""a-spacing-small po-brand"">\n<td class=""a-span3""><span class=""a-size-base a-text-bold"">Brand</span></td>\n<td class=""a-span9""><span class=""a-size-base po-break-word"">FORTUNE</span></td>\n</tr>\n<tr class=""a-spacing-small po-diet_type"">\n<td class=""a-span3""><span class=""a-size-base a-text-bold"">Diet Type</span></td>\n<td class=""a-span9""><span class=""a-size-base po-break-word"">Vegetarian</span></td>\n</tr>\n<tr class=""a-spacing-small po-number_of_items"">\n<td class=""a-span3""><span class=""a-size-base a-text-bold"">Number of Items</span></td>\n<td class=""a-span9""><span class=""a-size-base po-break-word"">1</span></td>\n</tr>\n<tr class=""a-spacing-small po-unit_count"">\n<td class=""a-span3""><span class=""a-size-base a-text-bold"">Net Quantity</span></td>\n<td class=""a-span9""><span class=""a-size-base po-break-word"">1000.0 gram</span></td>\n</tr>\n<tr class=""a-spacing-small po-item_weight"">\n<td class=""a-span3""><span class=""a-size-base a-text-bold"">Item Weight</span></td>\n<td class=""a-span9""><span class=""a-size-base po-break-word"">1000 Grams</span></td>\n</tr>\n</tbody>\n</table>","<h1 class=""a-size-base-plus a-text-bold"">About this item</h1>\n<ul class=""a-unordered-list a-vertical a-spacing-mini"">\n 	<li class=""a-spacing-small""><span class=""a-list-item"">Longest basmati grain</span></li>\n 	<li class=""a-spacing-small""><span class=""a-list-item"">Enticing aroma</span></li>\n 	<li class=""a-spacing-small""><span class=""a-list-item"">Non sticky after cooking</span></li>\n 	<li class=""a-spacing-small""><span class=""a-list-item"">Fluffy long grain</span></li>\n 	<li class=""a-spacing-small""><span class=""a-list-item"">Hygienically packed</span></li>\n 	<li class=""a-spacing-small""><span class=""a-list-item"">Cuisine all biryani</span></li>\n</ul>",,,taxable,,1,,,0,0,,,,,0,,147,210, RICE,,,https://kfs24x7.com/wp-content/uploads/F268.jpeg,,,,,,,,,0,0,,classic-editor,1,,,0,0,,,,,,,,,,,,,,,,,,,,,,,,,,,,,,,,,
3469,simple,F269,INDIA GATE BASMATI RICE DUBAR-1 KG,1,1,visible,RIZ BASMATI,,,,taxable,,1,3,,0,0,,,,,0,,112,122, RICE,,,https://kfs24x7.com/wp-content/uploads/F269.jpg,,,,,,,,,0,0,,,,,,,,,,,,,,,,,,,,,,,,,,,,,,,,,,,,,,,,
3470,simple,F457,NATUROZ WHOLE CASHEWS (W320)-750 GM,1,1,visible,"<table class=""a-normal a-spacing-micro"">\n<tbody>\n<tr class=""a-spacing-small po-flavor"">\n<td class=""a-span3""><span class=""a-size-base a-text-bold"">Flavour</span></td>\n<td class=""a-span9""><span class=""a-size-base po-break-word"">Whole natural</span></td>\n</tr>\n<tr class=""a-spacing-small po-brand"">\n<td class=""a-span3""><span class=""a-size-base a-text-bold"">Brand</span></td>\n<td class=""a-span9""><span class=""a-size-base po-break-word"">Naturoz</span></td>\n</tr>\n<tr class=""a-spacing-small po-item_weight"">\n<td class=""a-span3""><span class=""a-size-base a-text-bold"">Item Weight</span></td>\n<td class=""a-span9""><span class=""a-size-base po-break-word"">750 Grams</span></td>\n</tr>\n<tr class=""a-spacing-small po-item_form"">\n<td class=""a-span3""><span class=""a-size-base a-text-bold"">Item Form</span></td>\n<td class=""a-span9""><span class=""a-size-base po-break-word"">Whole</span></td>\n</tr>\n<tr class=""a-spacing-small po-diet_type"">\n<td class=""a-span3""><span class=""a-size-base a-text-bold"">Diet Type</span></td>\n<td class=""a-span9""><span class=""a-size-base po-break-word"">Vegetarian</span></td>\n</tr>\n</tbody>\n</table>","<h1 class=""a-size-base-plus a-text-bold"">About this item</h1>\n<ul class=""a-unordered-list a-vertical a-spacing-mini"">\n 	<li class=""a-spacing-small""><span class=""a-list-item"">Bestseller product from the house of Naturoz.</span></li>\n 	<li class=""a-spacing-small""><span class=""a-list-item"">Best quality Cashews rich in antioxidants.</span></li>\n 	<li class=""a-spacing-small""><span class=""a-list-item"">Crunchy taste, best as a snack.</span></li>\n 	<li class=""a-spacing-small""><span class=""a-list-item"">Cashews are naturally cholesterol free.</span></li>\n 	<li class=""a-spacing-small""><span class=""a-list-item"">Storage information- Keep it cool and dry place.</span></li>\n</ul>",,,taxable,,1,,,0,0,,,,,0,,890,975," DRY FRUITS,  VRAT & FHALAHAR",,,https://kfs24x7.com/wp-content/uploads/F130-e1686810164820.jpg,,,,,,,,,0,0,,classic-editor,1,,,0,0,,,,,,,,,,,,,,,,,,,,,,,,,,,,,,,,,
3471,simple,F458,ROOH AFZA- 750 ML,1,0,visible,,,,,taxable,,1,,,0,0,,,,,0,,165,175, DRINKS & BREWERIES,,,https://kfs24x7.com/wp-content/uploads/32917.jpg,,,,,,,,,0,0,,,,,,,,,,,,,,,,,,,,,,,,,,,,,,,,,,,,,,,,
3472,simple,F459,WEIKFIELD COCOA POWDER-50 GM,1,0,visible,,,,,taxable,,1,7,,0,0,,,,,0,,95,98, COFFEE & CHOCOLATE POWDER,,,https://kfs24x7.com/wp-content/uploads/F459.jpg,,,,,,,,,0,0,,,,,,,,,,,,,,,,,,,,,,,,,,,,,,,,,,,,,,,,
3473,simple,F460,SAFFOLA MASALA OATS-38 GM,1,0,visible,EVERYDAY PEPPY TOMATO,,,,taxable,,1,8,,0,0,,,,,0,,,15," MAGGI, NOODLES, PASTA & OATS",,,https://kfs24x7.com/wp-content/uploads/F460.jpg,,,,,,,,,0,0,,,,,,,,,,,,,,,,,,,,,,,,,,,,,,,,,,,,,,,,
3474,simple,F461,FUNTOP GREEN CHILLI SAUCE-200 GM+50 FREE,1,0,visible,HOT 'N' SPICY,,,,taxable,,1,,,0,0,,,,,0,,47,50," JAM, PICKLE & SOUCES",,,https://kfs24x7.com/wp-content/uploads/F461.jpg,,,,,,,,,0,0,,,,,,,,,,,,,,,,,,,,,,,,,,,,,,,,,,,,,,,,
3475,simple,F462,CHAKI FRESH WHEAT FLOUR/ATTA-5 KG,1,0,visible,(Order accepted 24 hour before),(Order accepted 24 hour before),,,taxable,,1,,,0,0,,,,,0,,,225, ATTA & FLOUR,,,https://kfs24x7.com/wp-content/uploads/F496-1.jpg,,,,,,,,,0,0,,classic-editor,1,,,0,0,,,,,,,,,,,,,,,,,,,,,,,,,,,,,,,,,
3476,simple,F463,GITS GULAB JAMUN-200 GM,1,1,visible,MAKES 40 GULAB JAMUN,,,,taxable,,1,10,,0,0,,,,,0,,,90,Grocery,,,https://kfs24x7.com/wp-content/uploads/F463.jpg,,,,,,,,,0,0,,,,,,,,,,,,,,,,,,,,,,,,,,,,,,,,,,,,,,,,
3477,simple,F464,FUNFOODS PASTA & PIZZA SAUCE-325 GM,1,1,visible,PASTA &amp; PIZZA SAUCE,,,,taxable,,1,,,0,0,,,,,0,,95,99," JAM, PICKLE & SOUCES",,,https://kfs24x7.com/wp-content/uploads/F464.jpg,,,,,,,,,0,0,,,,,,,,,,,,,,,,,,,,,,,,,,,,,,,,,,,,,,,,
3478,simple,F465,NESTLE MILKMAID-400 GM,1,1,visible,100 RECIPES@MILKMAID,,,,taxable,,1,,,0,0,,,,,0,,115,125,Grocery,,,https://kfs24x7.com/wp-content/uploads/F465.jpg,,,,,,,,,0,0,,,,,,,,,,,,,,,,,,,,,,,,,,,,,,,,,,,,,,,,
3479,simple,F466,SOLAR OREGANO-25 GM,1,1,visible,100% DRIED OREGANO,,,,taxable,,1,,,0,0,,,,,0,,70,75," JAM, PICKLE & SOUCES",,,https://kfs24x7.com/wp-content/uploads/F466.png,,,,,,,,,0,0,,,,,,,,,,,,,,,,,,,,,,,,,,,,,,,,,,,,,,,,
3480,simple,F467,CHING'S VEG HAKKA NOODLES-150 GM,1,0,visible,CHING'S SECRET,,,,taxable,,1,,,0,0,,,,,0,,,30," MAGGI, NOODLES, PASTA & OATS",,,https://kfs24x7.com/wp-content/uploads/F467.jpg,,,,,,,,,0,0,,,,,,,,,,,,,,,,,,,,,,,,,,,,,,,,,,,,,,,,
3481,simple,F468,FUNFOODS VEG MAYONNAISE-100 GM,1,1,visible,ORIGINAL,,,,taxable,,1,,,0,0,,,,,0,,43,45," JAM, PICKLE & SOUCES",,,https://kfs24x7.com/wp-content/uploads/F468.jpg,,,,,,,,,0,0,,,,,,,,,,,,,,,,,,,,,,,,,,,,,,,,,,,,,,,,
3482,simple,F469,INDIA GATE BASMATI RICE DUBAR-5 KG,1,1,visible,RIZ BASMATI,,,,taxable,,0,,,0,0,,,,,0,,532,605, RICE,,,https://kfs24x7.com/wp-content/uploads/F469.jpg,,,,,,,,,0,0,,,,,,,,default,,,,,,,,,,,,,,,,,,,,,,,,,,,,,,,,
3483,simple,F470,SAFFOLA MASALA OATS-38 GM,1,0,visible,EVERYDAY VEGGIE TWIST,,,,taxable,,1,,,0,0,,,,,0,,,15," MAGGI, NOODLES, PASTA & OATS",,,https://kfs24x7.com/wp-content/uploads/F470.jpg,,,,,,,,,0,0,,,,,,,,,,,,,,,,,,,,,,,,,,,,,,,,,,,,,,,,
3484,simple,F471,RED HARPIC-500 ML,1,1,visible,DISINFECTANT BATHROOM CLEANER 10X BETTER CLEANING*,,,,taxable,,1,,,0,0,,,,,0,,92,95, HOUSEHOLD CLEANING,,,https://kfs24x7.com/wp-content/uploads/F471.jpg,,,,,,,,,0,0,,,,,,,,,,,,,,,,,,,,,,,,,,,,,,,,,,,,,,,,
3485,simple,F472,LIZOL JASMINE FREGNANCE FLOOR CLEANER-2 LTR,1,1,visible,FREE HARPIC 500 ML WORTH Rs.86,,,,taxable,,1,,,0,0,,,,,0,,,362, HOUSEHOLD CLEANING,,,https://kfs24x7.com/wp-content/uploads/F472.jpg,,,,,,,,,0,0,,,,,,,,,,,,,,,,,,,,,,,,,,,,,,,,,,,,,,,,
3486,simple,F473,LIZOL FLOREL FREGNANCE FLOOR CLEANER-2 LTR,1,1,visible,FREE HARPIC 500 ML WORTH Rs.86,,,,taxable,,1,,,0,0,,,,,0,,,362, HOUSEHOLD CLEANING,,,https://kfs24x7.com/wp-content/uploads/F473.jpg,,,,,,,,,0,0,,,,,,,,,,,,,,,,,,,,,,,,,,,,,,,,,,,,,,,,
3487,simple,F474,RAJDHANI SEVIYAN (VERMICELLI-WITHOUT ROASTED)-450 GM,1,0,visible,SEVIYAN SHORT CUT,,,,taxable,,0,,,0,0,,,,,0,,32,36," MAGGI, NOODLES, PASTA & OATS",,,https://kfs24x7.com/wp-content/uploads/F474.jpeg,,,,,,,,,0,0,,,,,,,,default,,,,,,,,,,,,,,,,,,,,,,,,,,,,,,,,
3488,simple,F475,COLIN-500 ML,1,0,visible,GLASS &amp; MULTISURFACE CLEANER SPARKLING SHINE,,,,taxable,,1,,,0,0,,,,,0,,105,109, HOUSEHOLD CLEANING,,,https://kfs24x7.com/wp-content/uploads/F475.jpg,,,,,,,,,0,0,,,,,,,,,,,,,,,,,,,,,,,,,,,,,,,,,,,,,,,,
3489,simple,F476,L'OREAL COLOR PROTECT HAIR SHAMPOO-192.5 ML,1,1,visible,UP TO 30 WASH COLOUR PROTECTION,,,,taxable,,1,,,0,0,,,,,0,,143,150, PERSONAL CARE,,,https://kfs24x7.com/wp-content/uploads/F476.jpg,,,,,,,,,0,0,,,,,,,,,,,,,,,,,,,,,,,,,,,,,,,,,,,,,,,,
3490,simple,F477,DOVE ANTI DANDRUFF SHAMPOO-180ML,1,1,visible,DANDDRUF CARE SHAMPOO,,,,taxable,,1,,,0,0,,,,,0,,140,145, PERSONAL CARE,,,https://kfs24x7.com/wp-content/uploads/F477.jpg,,,,,,,,,0,0,,,,,,,,,,,,,,,,,,,,,,,,,,,,,,,,,,,,,,,,
3491,simple,F478,NESCAFE CLASSIC- 5 GM,1,0,visible,,,,,taxable,,1,,,0,0,,,,,0,,,10, COFFEE & CHOCOLATE POWDER,,,https://kfs24x7.com/wp-content/uploads/F478.jpg,,,,,,,,,0,0,,,,,,,,,,,,,,,,,,,,,,,,,,,,,,,,,,,,,,,,
3492,simple,F479,GODREJ MAGIC HANDWASH-9 GM,1,0,visible,PROTEKT,MAGIC POWDER TO LIQUID HANDWASH,,,taxable,,1,,,0,0,,,,,0,,,15," HANDWASH,  PERSONAL CARE",,,https://kfs24x7.com/wp-content/uploads/F479.jpg,,,,,,,,,0,0,,,,,,,,,,,,,,,,,,,,,,,,,,,,,,,,,,,,,,,,
3550,simple,F480,MAGGI DESI CHEESY-70 GM,1,0,visible,DESI CHEESY,,,,taxable,,1,,,0,0,,,,,0,,,15," MAGGI, NOODLES, PASTA & OATS",,,https://kfs24x7.com/wp-content/uploads/F480.jpg,,,,,,,,,0,0,,,,,,,,,,,,,,,,,,,,,,,,,,,,,,,,,,,,,,,,
3551,simple,F481,NESTLE CERELAC 10-300 GM,1,0,visible,WHEAT RICE MIXED FRUIT,,,,taxable,,0,,,0,0,,,,,0,,250,254, BABY CARE,,,https://kfs24x7.com/wp-content/uploads/F481.jpg,,,,,,,,,0,0,,,,,,,,,,,,,,,,,,,,,,,,,,,,,,,,,,,,,,,,
3552,simple,F482,REVIVE LIQUID STIFFNER-200 GM,1,0,visible,"3X UTP BRIGHTER FOR ALL FABRICS, ALL COLOURS",,,,taxable,,1,,,0,0,,,,,0,,69,71, WASHING POWDER & DITERGENT CAKE,,,https://kfs24x7.com/wp-content/uploads/F482.jpg,,,,,,,,,0,0,,,,,,,,,,,,,,,,,,,,,,,,,,,,,,,,,,,,,,,,
3553,simple,F483,PAMPERS (XXL) (15-25 KG)-42 PANTS,1,0,visible,ALL-ROUND PROTECTION,,,,taxable,,0,,,0,0,,,,,0,,950,1199, BABY CARE,,,https://kfs24x7.com/wp-content/uploads/F483.jpg,,,,,,,,,0,0,,,,,,,,,,,,,,,,,,,,,,,,,,,,,,,,,,,,,,,,
3554,simple,F484,STAYFREE SECURE-20 PADS,1,0,visible,COTTONY EXTRA LARGE UP TO 12 HOURS PROTECTION,,,,taxable,,1,,,0,0,,,,,0,,118,124, PERSONAL CARE,,,https://kfs24x7.com/wp-content/uploads/F484.jpg,,,,,,,,,0,0,,,,,,,,,,,,,,,,,,,,,,,,,,,,,,,,,,,,,,,,
3555,simple,F485,MAMY POKO PANTS (M) (7-12 KG)-28 PANTS,1,0,visible,EXTRA ABSORB,,,,taxable,,1,,,0,0,,,,,0,,350,399, BABY CARE,,,https://kfs24x7.com/wp-content/uploads/F485.jpg,,,,,,,,,0,0,,,,,,,,,,,,,,,,,,,,,,,,,,,,,,,,,,,,,,,,
3556,simple,F486,FUNTOP VINEGAR-625 ML,1,0,visible,SYNTHETIC,,,,taxable,,1,,,0,0,,,,,0,,48,50," JAM, PICKLE & SOUCES",,,https://kfs24x7.com/wp-content/uploads/F486.jpg,,,,,,,,,0,0,,,,,,,,,,,,,,,,,,,,,,,,,,,,,,,,,,,,,,,,
3557,simple,F487,FORTUNE KING'S SOYABEAN OIL-1 L,1,0,visible,RICE BRAN HEALTH PHYSICALLY REFINED RICE BRAN OIL,,,,taxable,,1,,,0,0,,,,,0,,,127, OIL & GHEE,,,https://kfs24x7.com/wp-content/uploads/F487-1-e1695490556465.jpg,,,,,,,,,0,0,,,,,,,,default,,,,,1,,,,,,,,,,auto,disable,standard,0,inherit,inherit,inherit,inherit,inherit,,,,,,,,,
3558,simple,F488,HALDIRAM BHUJIA-1 KG,1,0,visible,RELISH THE GOODNESS OF DELIGHTFUL SAVOURY TREATS,,,,taxable,,1,,,0,0,,,,,0,,275,290, NAMKEEN & SNACKS,,,https://kfs24x7.com/wp-content/uploads/F488.jpg,,,,,,,,,0,0,,,,,,,,default,,,,,,,,,,,,,,,,,,,,,,,,,,,,,,,,
3559,simple,F492,SENSODYNE FRESH GEL-150 GM,1,1,visible,DAILY SENSIVITY+TRONG TEETH &amp; HEALTHY GUMS*,,,,taxable,,1,,,0,0,,,,,0,,202,210, PERSONAL CARE,,,https://kfs24x7.com/wp-content/uploads/F492.jpg,,,,,,,,,0,0,,,,,,,,,,,,,,,,,,,,,,,,,,,,,,,,,,,,,,,,
3560,simple,F493,VINOD WALNUT KERNEL-250 GM,1,0,visible,"<h1 id=""title"" class=""a-size-large a-spacing-none""><span id=""productTitle"" class=""a-size-large product-title-word-break"">100% Natural &amp; Premium Kernel Walnuts</span></h1>","<h1 id=""title"" class=""a-size-large a-spacing-none""><span id=""productTitle"" class=""a-size-large product-title-word-break"">100% Natural &amp; Premium Kernel Walnuts (250 GM X 1=250 GM)</span></h1>",,,taxable,,1,,,0,0,,,,,0,,340,600, DRY FRUITS,,,https://kfs24x7.com/wp-content/uploads/F493.jpeg,,,,,,,,,0,0,,,,,,,,,,,,,,,,,,,,,,,,,,,,,,,,,,,,,,,,
3561,simple,F494,MAGGI MASALA VEG NOODLES FAMILY PACK-560 GM,1,0,visible,PARTY TIME WOW RECIPE,,,,taxable,,1,,,0,0,,,,,0,,105,109," MAGGI, NOODLES, PASTA & OATS",,,https://kfs24x7.com/wp-content/uploads/F494.jpg,,,,,,,,,0,0,,,,,,,,,,,,,,,,,,,,,,,,,,,,,,,,,,,,,,,,
3562,simple,F489,HALDIRAM MOONG DAL-400 GM,1,0,visible,RELISH THE GOODNESS OF DELIGHTFUL SAVOURY TREATS,,,,taxable,,1,,,0,0,,,,,0,,112,118, NAMKEEN & SNACKS,,,https://kfs24x7.com/wp-content/uploads/F489-1.jpg,,,,,,,,,0,0,,classic-editor,1,,,0,0,,,,,,,,,,,,,,,,,,,,,,,,,,,,,,,,,
3563,simple,F490,HALDIRAM KAJU MIXTURE-400 GM,1,0,visible,RELISH THE GOODNESS OF DELIGHTFUL SAVOURY TREATS,,,,taxable,,1,,,0,0,,,,,0,,164,171, NAMKEEN & SNACKS,,,https://kfs24x7.com/wp-content/uploads/F490.jpg,,,,,,,,,0,0,,,,,,,,,,,,,,,,,,,,,,,,,,,,,,,,,,,,,,,,
3564,simple,F495,ORANGE,1,0,visible,,MINIMUM ORDER 2.5 KG,,,taxable,,0,,,0,1,,,,,1,,,105,,,,https://kfs24x7.com/wp-content/uploads/images28229.jpeg,,,,,,,,,0,0,,,,,,,,,,,,,,,,,,,,,,,,,,,,,,,,,,,,,,,,
3565,simple,F496,CHAKI FRESH WHEAT FLOUR/ATTA-5 KG,1,0,visible,In Packing (Order accepted before 24 hours),In Packing (Order accepted before 24 hours),,,taxable,,1,,,0,1,,,,,1,,,230, ATTA & FLOUR,,,https://kfs24x7.com/wp-content/uploads/F496-1.jpg,,,,,,,,,0,0,,classic-editor,1,,,0,0,,,,,,,,,,,,,,,,,,,,,,,,,,,,,,,,,
3566,simple,F497,Z BLACK 3 IN 1 AGARBATI,1,0,visible,,,,,taxable,,1,,,0,1,,,,,1,,57,60, POOJA SAMAGRI,,,https://kfs24x7.com/wp-content/uploads/images28529.jpeg,,,,,,,,,0,0,,,,,,,,,,,,,,,,,,,,,,,,,,,,,,,,,,,,,,,,
3567,simple,F498,CYCLE 3 IN AGARBATTI-100 STICK,1,0,visible,,,,,taxable,,1,,,0,1,,,,,1,,52,55, POOJA SAMAGRI,,,https://kfs24x7.com/wp-content/uploads/images28629.jpeg,,,,,,,,,0,0,,,,,,,,,,,,,,,,,,,,,,,,,,,,,,,,,,,,,,,,
3568,simple,F499,Z BLACK MANTHAN GUGUL DHOOP,1,0,visible,,,,,taxable,,1,,,0,1,,,,,1,,28,30, POOJA SAMAGRI,,,https://kfs24x7.com/wp-content/uploads/images28829-1.jpeg,,,,,,,,,0,0,,,,,,,,,,,,,,,,,,,,,,,,,,,,,,,,,,,,,,,,
3569,simple,F500,Z BLACK MANTHAN LOBAN DHOOP,1,0,visible,,,,,taxable,,1,,,0,1,,,,,1,,,30, POOJA SAMAGRI,,,https://kfs24x7.com/wp-content/uploads/images281029.jpeg,,,,,,,,,0,0,,,,,,,,,,,,,,,,,,,,,,,,,,,,,,,,,,,,,,,,
3570,simple,F501,Z BLACK MANTHAN CHANDAN DHOOP,1,0,visible,,,,,taxable,,0,,,0,1,,,,,1,,,30, POOJA SAMAGRI,,,https://kfs24x7.com/wp-content/uploads/chandan_1024x1024402x.jpg,,,,,,,,,0,0,,,,,,,,,,,,,,,,,,,,,,,,,,,,,,,,,,,,,,,,
3571,simple,F502,Z BLACK MANTHAN MOGRA DHOOP,1,0,visible,,,,,taxable,,1,,,0,1,,,,,1,,,30, POOJA SAMAGRI,,,https://kfs24x7.com/wp-content/uploads/images28929.jpeg,,,,,,,,,0,0,,,,,,,,,,,,,,,,,,,,,,,,,,,,,,,,,,,,,,,,
3572,simple,F503,Z BLACK MANTHAN LAVENDOR DHOOP,1,0,visible,,,,,taxable,,0,,,0,1,,,,,1,,,30, POOJA SAMAGRI,,,https://kfs24x7.com/wp-content/uploads/images281129.jpeg,,,,,,,,,0,0,,,,,,,,,,,,,,,,,,,,,,,,,,,,,,,,,,,,,,,,
3573,simple,F506,FOODY WHITE MATAR-1 KG,1,0,visible,,,,,taxable,,1,,,0,1,,,,,1,,87,124, DALS & PULSES,,,https://kfs24x7.com/wp-content/uploads/F447-1.jpg,,,,,,,,,0,0,,,,,,,,default,,,,,0,,,,,,,,,,auto,disable,standard,0,inherit,inherit,inherit,inherit,inherit,,87,,,,,,,
3574,simple,F507,INDIA GATE BASMATI RICE SUPER-5 KG+1.25 KG EXTRA,1,0,visible,"<table class=""a-normal a-spacing-micro"">\n<tbody>\n<tr class=""a-spacing-small po-brand"">\n<td class=""a-span3""><span class=""a-size-base a-text-bold"">Brand</span></td>\n<td class=""a-span9""><span class=""a-size-base po-break-word"">India Gate</span></td>\n</tr>\n<tr class=""a-spacing-small po-number_of_items"">\n<td class=""a-span3""><span class=""a-size-base a-text-bold"">Number of Items</span></td>\n<td class=""a-span9""><span class=""a-size-base po-break-word"">1</span></td>\n</tr>\n<tr class=""a-spacing-small po-unit_count"">\n<td class=""a-span3""><span class=""a-size-base a-text-bold"">Net Quantity</span></td>\n<td class=""a-span9""><span class=""a-size-base po-break-word"">5 KG+1.25 KG EXTRA</span></td>\n</tr>\n<tr class=""a-spacing-small po-item_weight"">\n<td class=""a-span3""><span class=""a-size-base a-text-bold"">Item Weight</span></td>\n<td class=""a-span9"">6.25 KG</td>\n</tr>\n<tr class=""a-spacing-small po-container.type"">\n<td class=""a-span3""><span class=""a-size-base a-text-bold"">Package Information</span></td>\n<td class=""a-span9""><span class=""a-size-base po-break-word"">Pouch</span></td>\n</tr>\n</tbody>\n</table>","<h1 class=""a-size-base-plus a-text-bold"">About this item</h1>\n<ul class=""a-unordered-list a-vertical a-spacing-mini"">\n 	<li class=""a-spacing-small""><span class=""a-list-item"">Country of Origin: India</span></li>\n 	<li class=""a-spacing-small""><span class=""a-list-item"">Long grain</span></li>\n 	<li class=""a-spacing-small""><span class=""a-list-item"">Aged rice</span></li>\n 	<li class=""a-spacing-small""><span class=""a-list-item"">Super quality</span></li>\n 	<li class=""a-spacing-small""><span class=""a-list-item"">World's largest rice miller</span></li>\n 	<li class=""a-spacing-small""><span class=""a-list-item"">material features:vegetarian</span></li>\n</ul>",,,taxable,,1,,,0,1,,,,,1,,950,1080, RICE,,,https://kfs24x7.com/wp-content/uploads/F507-1.jpeg,,,,,,,,,0,0,,classic-editor,1,,,0,0,default,,,,,,,,,,,,,,,,,,,,,,,,,,,,,,,,
3575,simple,F508,EVEREST HINGRAJ POWDER-100 GM,1,1,visible,,,,,taxable,,1,,,0,1,,,,,1,,250,275, MASALA,,,https://kfs24x7.com/wp-content/uploads/F508.jpg,,,,,,,,,0,0,,classic-editor,1,,,0,0,,,,,,,,,,,,,,,,,,,,,,,,,,,,,,,,,
3576,simple,F509,BANANA- 1 DOZEN,1,0,visible,,,,,taxable,,1,,,0,1,,,,,1,,,60,,,,https://kfs24x7.com/wp-content/uploads/images281729.jpeg,,,,,,,,,0,0,,,,,,,,,,,,,,,,,,,,,,,,,,,,,,,,,,,,,,,,
3577,simple,F510,DELMONTE POMACE OLIVE OIL- 1 LTR,1,0,visible,POMAC OLIVE OIL,,,,taxable,,1,,,0,1,,,,,1,,920,1100, OIL & GHEE,,,https://kfs24x7.com/wp-content/uploads/F510.jpg,,,,,,,,,0,0,,,,,,,,,,,,,,,,,,,,,,,,,,,,,,,,,,,,,,,,
3578,simple,F511,BLUE HARPIC-1 LTR,1,0,visible,,,,,taxable,,0,,,0,1,,,,,1,,205,215, HOUSEHOLD CLEANING,,,https://kfs24x7.com/wp-content/uploads/images281929.jpeg,,,,,,,,,0,0,,classic-editor,,,,,,,,,,,,,,,,,,,,,,,,,,,,,,,,,,,,,,
3635,simple,F512,HIT RED-400 ML,1,0,visible,For hiden Cockroaches,,,,taxable,,1,,,0,1,,,,,1,,,230, INDORE INSECT & PEST CONTROL,,,https://kfs24x7.com/wp-content/uploads/images282029.jpeg,,,,,,,,,0,0,,,,,,,,,,,,,,,,,,,,,,,,,,,,,,,,,,,,,,,,
3636,simple,F513,NESCAFE GOLD BLEND-100 GM,1,0,visible,,,,,taxable,,0,,,0,1,,,,,1,,465,475, COFFEE & CHOCOLATE POWDER,,,https://kfs24x7.com/wp-content/uploads/images282229.jpeg,,,,,,,,,0,0,,,,,,,,,,,,,,,,,,,,,,,,,,,,,,,,,,,,,,,,
3637,simple,F514,KISSAN TOMATO KETCHUP-1.1 KG,1,0,visible,,,,,taxable,,1,,,0,1,,,,,1,,142,150," JAM, PICKLE & SOUCES",,,https://kfs24x7.com/wp-content/uploads/F514.jpg,,,,,"F135, F144, F145","F135, F144, F145",,,0,0,,,,,,,,,,,,,,,,,,,,,,,,,,,,,,,,,,,,,,,,
3638,simple,F515,ODONIL AIR FRESHNER- 3+1,1,0,visible,"MULTI-PIECE PACKAGE AIR\n\nMYSTIC ROSE, LAVENDER MEADOWS,JASMINE MIST &amp; ORCHID DEW",,,,taxable,,1,,,0,1,,,,,1,,,192, HOUSEHOLD CLEANING,,,https://kfs24x7.com/wp-content/uploads/16402.jpg,,,,,,,,,0,0,,,,,,,,,,,,,,,,,,,,,,,,,,,,,,,,,,,,,,,,
3639,simple,F516,KINOO-1 KG,1,0,visible,,,,,taxable,,0,,,0,1,,,,,1,,,57,,,,https://kfs24x7.com/wp-content/uploads/16434.jpg,,,,,F495,F495,,,0,0,,,,,,,,,,,,,,,,,,,,,,,,,,,,,,,,,,,,,,,,
3640,simple,F517,POTATO- 1 KG,1,0,visible,,,,,taxable,,1,,,0,1,,,,,1,,,30,,,,https://kfs24x7.com/wp-content/uploads/16439.jpg,,,,,,,,,0,0,,,,,,,,,,,,,,,,,,,,,,,,,,,,,,,,,,,,,,,,
3641,simple,F518,TOMATO- 1 KG,1,0,visible,,,,,taxable,,1,,,0,1,,,,,1,,,65,,,,https://kfs24x7.com/wp-content/uploads/16443.jpg,,,,,,,,,0,0,,,,,,,,,,,,,,,,,,,,,,,,,,,,,,,,,,,,,,,,
3642,simple,F519,GINGER-250 GM,1,0,visible,,,,,taxable,,1,,,0,1,,,,,1,,,70,,,,https://kfs24x7.com/wp-content/uploads/16445.jpg,,,,,,,,,0,0,,,,,,,,,,,,,,,,,,,,,,,,,,,,,,,,,,,,,,,,
3643,simple,F520,NATUROZ FESTIVE CELEBRATIONS GIFT PACK,1,0,visible,,,,,taxable,,1,,,0,1,,,,,1,,331,649,"Bulk Order, Groceries",,,https://kfs24x7.com/wp-content/uploads/F520-e1698551258861.jpg,,,,,,,,,0,0,,,,,,,,default,,,,,0,,,,,,,,,,auto,disable,standard,0,inherit,inherit,inherit,inherit,inherit,,66,,,,,,,
3644,simple,F521,R-U NUTZ! PREMIUM ALMONDS-1 KG,1,0,visible,,,,,taxable,,1,,,0,1,,,,,1,,900,1160,"Bulk Order,  DRY FRUITS, Groceries",,,https://kfs24x7.com/wp-content/uploads/F592-e1697350206777.jpg,,,,,,,,,0,0,,,,,,,,default,,,,,0,,,,,,,,,,auto,disable,standard,0,inherit,inherit,inherit,inherit,inherit,,120,,,,,,,
3645,simple,F522,GREEN PEAS (HARA MATAR)- 1 KG,1,0,visible,,,,,taxable,,0,,,0,1,,,,,1,,,48,,,,https://kfs24x7.com/wp-content/uploads/16451.jpg,,,,,,,,,0,0,,,,,,,,,,,,,,,,,,,,,,,,,,,,,,,,,,,,,,,,
3646,simple,F523,GREEN PALAK-1 BUNDLE,1,0,visible,,,,,taxable,,1,,,0,1,,,,,1,,,20,,,,https://kfs24x7.com/wp-content/uploads/16455.jpg,,,,,,,,,0,0,,,,,,,,,,,,,,,,,,,,,,,,,,,,,,,,,,,,,,,,
3647,simple,F524,SURF EXCEL BAR-250 GM,1,0,visible,,,,,taxable,,1,,,0,1,,,,,1,,36,38, WASHING POWDER & DITERGENT CAKE,,,https://kfs24x7.com/wp-content/uploads/16728-1.jpg,,,,,,,,,0,0,,,,,,,,,,,,,,,,,,,,,,,,,,,,,,,,,,,,,,,,
3648,simple,F525,CARROT(GAJAR)-1 KG,1,0,visible,,,,,taxable,,1,,,0,1,,,,,1,,,60,,,,https://kfs24x7.com/wp-content/uploads/17750.jpg,,,,,,,,,0,0,,,,,,,,,,,,,,,,,,,,,,,,,,,,,,,,,,,,,,,,
3649,simple,F526,R-U NUTZ! PREMIUM CASHEW (W320)-750 GM,1,0,visible,,,,,taxable,,1,,,0,1,,,,,1,,655,885," DRY FRUITS, Groceries",,,https://kfs24x7.com/wp-content/uploads/F530-e1697351432939.jpg,,,,,,,,,0,0,,,,,,,,default,,,,,0,,,,,,,,,,auto,disable,standard,0,inherit,inherit,inherit,inherit,inherit,,94,,,,,,,
3650,simple,F527,R-U NUTZ! PREMIUM CASHEW (W320)-500 GM,1,0,visible,,,,,taxable,,1,,,0,1,,,,,1,,499,650,"DRY FRUITS, Groceries",,,https://kfs24x7.com/wp-content/uploads/F530-e1697351432939.jpg,,,,,,,,,0,0,,,,,,,,default,,,,,0,,,,,,,,,,auto,disable,standard,0,inherit,inherit,inherit,inherit,inherit,,94,,,,,,,
3651,simple,F528,R-U NUTZ! PREMIUM ALMONDS-750 GM,1,0,visible,,,,,taxable,,0,,,0,1,,,,,1,,745,870," DRY FRUITS, Groceries",,,https://kfs24x7.com/wp-content/uploads/F592-e1697350206777.jpg,,,,,,,,,0,0,,,,,,,,default,,,,,0,,,,,,,,,,auto,disable,standard,0,inherit,inherit,inherit,inherit,inherit,,87,,,,,,,
3652,simple,F529,R-U NUTZ! PREMIUM ALMONDS-500 GM,1,0,visible,,,,,taxable,,1,,,0,1,,,,,1,,495,580," DRY FRUITS, Groceries",,,https://kfs24x7.com/wp-content/uploads/F592-e1697350206777.jpg,,,,,,,,,0,0,,classic-editor,,,,,,default,,,,,0,,,,,,,,,,auto,disable,standard,0,inherit,inherit,inherit,inherit,inherit,,87,,,,,,,
3653,simple,F530,R-U NUTZ! PREMIUM CASHEW (W320)-250 GM,1,0,visible,,,,,taxable,,1,,,0,1,,,,,1,,260,295," DRY FRUITS, Groceries",,,https://kfs24x7.com/wp-content/uploads/F530-e1697351432939.jpg,,,,,,,,,0,0,,,,,,,,default,,,,,0,,,,,,,,,,auto,disable,standard,0,inherit,inherit,inherit,inherit,inherit,,94,,,,,,,
3654,simple,F531,R-U NUTZ! PREMIUM CASHEW (W320)-1 KG,1,0,visible,,,,,taxable,,1,,,0,1,,,,,1,,802,1180,"DRY FRUITS, Groceries",,,https://kfs24x7.com/wp-content/uploads/F530-e1697351432939.jpg,,,,,,,,,0,0,,,,,,,,default,,,,,0,,,,,,,,,,auto,disable,standard,0,inherit,inherit,inherit,inherit,inherit,,94,,,,,,,
3655,simple,F532,LOOSE SUGAR-1 KG,1,0,visible,,,,,taxable,,1,,,0,1,,,,,1,,,47, SUGAR & SALT,,,https://kfs24x7.com/wp-content/uploads/16919.jpg,,,,,,,,,0,0,,,,,,,,default,,,,,,,,,,,,,,,,,,,,,,,,,,,,,,,,
3656,simple,F533,FOODY WHITE MATAR-500 GM,1,0,visible,P,,,,taxable,,1,,,0,1,,,,,1,,46,62, DALS & PULSES,,,https://kfs24x7.com/wp-content/uploads/F447-1.jpg,,,,,,,,,0,0,,,,,,,,default,,,,,0,,,,,,,,,,auto,disable,standard,0,inherit,inherit,inherit,inherit,inherit,,87,,,,,,,
3657,simple,F534,BRINJAL (BAINGAN)- 1 KG,1,0,visible,,,,,taxable,,1,,,0,1,,,,,1,,,80,,,,https://kfs24x7.com/wp-content/uploads/16945.jpg,,,,,,,,,0,0,,,,,,,,,,,,,,,,,,,,,,,,,,,,,,,,,,,,,,,,
3658,simple,F535,FORTUNE SOYABEAN OIL-5 LTR,1,0,visible,,REFINED OIL,,,taxable,,0,,,0,1,,,,,1,,836,880, OIL & GHEE,,,https://kfs24x7.com/wp-content/uploads/17305.jpg,,,,,,,,,0,0,,,,,,,,,,,,,,,,,,,,,,,,,,,,,,,,,,,,,,,,
3659,simple,F536,PANEER-500 GM,1,0,visible,,,,,taxable,,1,,,0,1,,,,,1,,,190,Grocery,,,https://kfs24x7.com/wp-content/uploads/17328.jpg,,,,,,,,,0,0,,,,,,,,default,,,,,,,,,,,,,,,,,,,,,,,,,,,,,,,,
3660,simple,F537,AMUL BUTTER-100 GM,1,0,visible,,,,,taxable,,1,,,0,1,,,,,1,,,58,Grocery,,,https://kfs24x7.com/wp-content/uploads/17339.jpg,,,,,,,,,0,0,,,,,,,,,,,,,,,,,,,,,,,,,,,,,,,,,,,,,,,,
3661,simple,F538,AMUL BUTTER-500 GM,1,0,visible,,,,,taxable,,1,,,0,1,,,,,1,,,285,Grocery,,,https://kfs24x7.com/wp-content/uploads/17341.jpg,,,,,,,,,0,0,,,,,,,,,,,,,,,,,,,,,,,,,,,,,,,,,,,,,,,,
3662,simple,F539,RAJDHANI MOONG DAL CHILKA-500 GMX2=1 KG,1,0,visible,RAJDHANI ROASTED LONG CUT SEVIYAN WORTH RS.25 FREE,"THE RIGHT TEST...\n\nTHE RIGHT CHOICE...",,,taxable,,0,,,0,1,,,,,1,,142,178, DALS & PULSES,,,https://kfs24x7.com/wp-content/uploads/17669.jpg,,,,,,,,,0,0,,,,,,,,default,,,,,,,,,,,,,,,,,,,,,,,,,,,,,,,,
3663,simple,F540,ASHOK GARAM MASALA-50 GM,1,0,visible,,,,,taxable,,1,,,0,1,,,,,1,,59,65, MASALA,,,https://kfs24x7.com/wp-content/uploads/17710.jpg,,,,,,,,,0,0,,,,,,,,,,,,,,,,,,,,,,,,,,,,,,,,,,,,,,,,
3724,simple,F541,ASHOK SABJI MASALA-50 GM,1,0,visible,,,,,taxable,,1,,,0,1,,,,,1,,30,32, MASALA,,,https://kfs24x7.com/wp-content/uploads/17712.jpg,,,,,,,,,0,0,,,,,,,,,,,,,,,,,,,,,,,,,,,,,,,,,,,,,,,,
3725,simple,F542,ASHOK MEAT MASALA-50 GM,1,0,visible,,,,,taxable,,1,,,0,1,,,,,1,,40,45, MASALA,,,https://kfs24x7.com/wp-content/uploads/17722.jpg,,,,,,,,,0,0,,,,,,,,,,,,,,,,,,,,,,,,,,,,,,,,,,,,,,,,
3726,simple,F543,DRY COCONUT (GOLA OR GIRI)- 250 GM,1,0,visible,,,,,taxable,,1,,,0,1,,,,,1,,,80," DRY FRUITS,  VRAT & FHALAHAR",,,https://kfs24x7.com/wp-content/uploads/17754.jpg,,,,,,,,,0,0,,,,,,,,,,,,,,,,,,,,,,,,,,,,,,,,,,,,,,,,
3727,simple,F544,CHAKI FRESH CORN FLOUR/MAKKA ATTA-2 KG,1,0,visible,,In Packing (Order accepted before 24 hours due high demand),,,taxable,,1,,,0,1,,,,,1,,,130, ATTA & FLOUR,,,https://kfs24x7.com/wp-content/uploads/17832.jpg,,,,,,,,,0,0,,classic-editor,1,,,0,0,default,,,,,,,,,,,,,,,,,,,,,,,,,,,,,,,,
3728,simple,F545,CHAKI FRESH RAGI FLOUR/ATTA-1 KG,1,0,visible,,"<h1 class=""a-size-base-plus a-text-bold"">About this item</h1>\n<ul class=""a-unordered-list a-vertical a-spacing-mini"">\n 	<li class=""a-spacing-small""><span class=""a-list-item"">Paagi Flour pack of 1 gm</span></li>\n 	<li class=""a-spacing-small""><span class=""a-list-item"">grown without synthetic pesticides</span></li>\n 	<li class=""a-spacing-small""><span class=""a-list-item"">Finger millet belongs to the family poaceae and is known as ragi in india</span></li>\n 	<li class=""a-spacing-small""><span class=""a-list-item"">A good source of antioxidants</span></li>\n</ul>",,,taxable,,1,,,0,1,,,,,1,,,140, ATTA & FLOUR,,,https://kfs24x7.com/wp-content/uploads/F545.jpg,,,,,,,,,0,0,,classic-editor,1,,,0,0,,,,,,,,,,,,,,,,,,,,,,,,,,,,,,,,,
3729,simple,F546,CHAKI FRESH BAJRA FLOUR (ATTA)-2 KG,1,0,visible,,In Packing (Order accepted before 24 hours due high demand),,,taxable,,1,,,0,1,,,,,1,,,130, ATTA & FLOUR,,,https://kfs24x7.com/wp-content/uploads/18193.jpg,,,,,,,,,0,0,,classic-editor,1,,,0,0,default,,,,,,,,,,,,,,,,,,,,,,,,,,,,,,,,
3730,simple,F547,RAJDHANI MACARONI PASTA-450 GM,1,0,visible,DURUM WHEAT SEMOLINA\n\nJUST PURE GOODNESS,,,,taxable,,1,,,0,1,,,,,1,,45,51," MAGGI, NOODLES, PASTA & OATS",,,https://kfs24x7.com/wp-content/uploads/18197.jpg,,,,,,,,,0,0,,,,,,,,default,,,,,,,,,,,,,,,,,,,,,,,,,,,,,,,,
3731,simple,F548,RAJDHANI PENNE PASTA-450 GM,1,0,visible,"DURUM WHEAT SEMOLINA\n\nJUST PURE GOODNESS",,,,taxable,,1,,,0,1,,,,,1,,64,99," MAGGI, NOODLES, PASTA & OATS",,,https://kfs24x7.com/wp-content/uploads/F548.jpg,,,,,,,,,0,0,,,,,,,,default,,,,,0,,,,,,,,,,auto,disable,standard,0,inherit,inherit,inherit,inherit,inherit,,,,,,,,,
3732,simple,F549,RAJDHANI ROASTED SEVIYAN-150 GM,1,0,visible,LONG CUT ROASTED SEVIYAN,,,,taxable,,0,,,0,1,,,,,1,,16,20,Grocery,,,https://kfs24x7.com/wp-content/uploads/18199.jpg,,,,,,,,,0,0,,,,,,,,default,,,,,,,,,,,,,,,,,,,,,,,,,,,,,,,,
3733,simple,F551,AASHIRVAAD SUDH CHAKKI ATTA-5 KG,1,0,visible,,,,,taxable,,1,,,0,1,,,,,1,,230,245, ATTA & FLOUR,,,https://kfs24x7.com/wp-content/uploads/F551.jpg,,,,,,,,,0,0,,,,,,,,default,,,,,,,,,,,,,,,,,,,,,,,,,,,,,,,,
3734,simple,F552,CHAKI FRESH JAAU FLOUR/ATTA-2 KG,1,0,visible,,In Packing (Order accepted before 24 hours due high demand),,,taxable,,1,,,0,1,,,,,1,,,140, ATTA & FLOUR,,,https://kfs24x7.com/wp-content/uploads/18330.jpg,,,,,,,,,0,0,,classic-editor,1,,,0,0,,,,,,,,,,,,,,,,,,,,,,,,,,,,,,,,,
3735,simple,F553,FORTUNE SOYA CHUNKS (MINI)-200 GM,1,0,visible,"<table class=""a-normal a-spacing-micro"">\n<tbody>\n<tr class=""a-spacing-small po-brand"">\n<td class=""a-span3""><span class=""a-size-base a-text-bold"">Brand</span></td>\n<td class=""a-span9""><span class=""a-size-base po-break-word"">FORTUNE</span></td>\n</tr>\n<tr class=""a-spacing-small po-item_weight"">\n<td class=""a-span3""><span class=""a-size-base a-text-bold"">Item Weight</span></td>\n<td class=""a-span9""><span class=""a-size-base po-break-word"">400 Grams</span></td>\n</tr>\n<tr class=""a-spacing-small po-specialty"">\n<td class=""a-span3""><span class=""a-size-base a-text-bold"">Speciality</span></td>\n<td class=""a-span9""><span class=""a-size-base po-break-word"">High_in_protein</span></td>\n</tr>\n<tr class=""a-spacing-small po-nutritional_info.protein"">\n<td class=""a-span3""><span class=""a-size-base a-text-bold"">Protein</span></td>\n<td class=""a-span9""><span class=""a-size-base po-break-word"">10.5 Grams</span></td>\n</tr>\n<tr class=""a-spacing-small po-nutritional_info.vitamins_and_minerals"">\n<td class=""a-span3""><span class=""a-size-base a-text-bold"">Vitamins And Minerals</span></td>\n<td class=""a-span9""><span class=""a-size-base po-break-word"">0.95, 21.6 Grams</span></td>\n</tr>\n<tr class=""a-spacing-small po-item_form"">\n<td class=""a-span3""><span class=""a-size-base a-text-bold"">Item Form</span></td>\n<td class=""a-span9""><span class=""a-size-base po-break-word"">Granule</span></td>\n</tr>\n<tr class=""a-spacing-small po-diet_type"">\n<td class=""a-span3""><span class=""a-size-base a-text-bold"">Diet Type</span></td>\n<td class=""a-span9""><span class=""a-size-base po-break-word"">Vegetarian</span></td>\n</tr>\n</tbody>\n</table>","<h1 class=""a-size-base-plus a-text-bold"">About this item</h1>\n<ul class=""a-unordered-list a-vertical a-spacing-mini"">\n 	<li class=""a-spacing-small""><span class=""a-list-item"">15x times more protein than Milk</span></li>\n 	<li class=""a-spacing-small""><span class=""a-list-item"">99% fat free and 13% dietary fiber</span></li>\n 	<li class=""a-spacing-small""><span class=""a-list-item"">Super Soakey, Soft and juicy that taste best</span></li>\n 	<li class=""a-spacing-small""><span class=""a-list-item"">Made from world class technology</span></li>\n 	<li class=""a-spacing-small""><span class=""a-list-item"">Untouched by Hands and hygienic</span></li>\n 	<li class=""a-spacing-small""><span class=""a-list-item"">Commonly Searced: Soya Chunks, soya chunk, soya nuggets, soya badi, soya granules, protein rich soya wadi, soya chunks nutrition</span></li>\n</ul>",,,taxable,,1,,,0,1,,,,,1,,54,60, DALS & PULSES,,,https://kfs24x7.com/wp-content/uploads/F553.jpg,,,,,,,,,0,0,,classic-editor,1,,,0,0,default,,,,,,,,,,,,,,,,,,,,,,,,,,,,,,,,
3736,simple,F554,KESHAV BHOG SINGHARA FLOUR (ATTA)-200 GM,1,0,visible,,IN PACKING AND BEST QUALITY FOR NAVARATRA &amp; OTHER VRAT/FAST,,,taxable,,1,,,0,1,,,,,1,,52,70," ATTA & FLOUR,  VRAT & FHALAHAR",,,https://kfs24x7.com/wp-content/uploads/F554.jpg,,,,,,,,,0,0,,classic-editor,1,,,0,0,,,,,,,,,,,,,,,,,,,,,,,,,,,,,,,,,
3737,simple,F555,FORTUNE CHANA DAL (UNPOLISHED)-500 GM,1,0,visible,"<table class=""a-normal a-spacing-micro"">\n<tbody>\n<tr class=""a-spacing-small po-brand"">\n<td class=""a-span3""><span class=""a-size-base a-text-bold"">Brand</span></td>\n<td class=""a-span9""><span class=""a-size-base po-break-word"">Fortune</span></td>\n</tr>\n<tr class=""a-spacing-small po-item_weight"">\n<td class=""a-span3""><span class=""a-size-base a-text-bold"">Item Weight</span></td>\n<td class=""a-span9""><span class=""a-size-base po-break-word"">1000 Grams</span></td>\n</tr>\n<tr class=""a-spacing-small po-specialty"">\n<td class=""a-span3""><span class=""a-size-base a-text-bold"">Speciality</span></td>\n<td class=""a-span9""><span class=""a-size-base po-break-word"">Suitable for vegetarians</span></td>\n</tr>\n<tr class=""a-spacing-small po-item_form"">\n<td class=""a-span3""><span class=""a-size-base a-text-bold"">Item Form</span></td>\n<td class=""a-span9""><span class=""a-size-base po-break-word"">Liquid</span></td>\n</tr>\n<tr class=""a-spacing-small po-diet_type"">\n<td class=""a-span3""><span class=""a-size-base a-text-bold"">Diet Type</span></td>\n<td class=""a-span9""><span class=""a-size-base po-break-word"">Vegetarian</span></td>\n</tr>\n<tr class=""a-spacing-small po-item_package_weight"">\n<td class=""a-span3""><span class=""a-size-base a-text-bold"">Package Weight</span></td>\n<td class=""a-span9""><span class=""a-size-base po-break-word"">1 Kilograms</span></td>\n</tr>\n<tr class=""a-spacing-small po-variety"">\n<td class=""a-span3""><span class=""a-size-base a-text-bold"">Variety</span></td>\n<td class=""a-span9""><span class=""a-size-base po-break-word"">Lentils</span></td>\n</tr>\n</tbody>\n</table>","<h1 class=""a-size-base-plus a-text-bold"">About this item</h1>\n<ul class=""a-unordered-list a-vertical a-spacing-mini"">\n 	<li class=""a-spacing-small""><span class=""a-list-item"">RICH TASTE: Fortune Chana Dal is delicious in taste</span></li>\n 	<li class=""a-spacing-small""><span class=""a-list-item"">UNPOLISHED DALS: Fortune  dals do not undergo any artificial polishing with water, oil or leather, thereby retaining their goodness and wholesome character</span></li>\n 	<li class=""a-spacing-small""><span class=""a-list-item"">5-STEP PROCESS FOR STRINGENT QUALITY CHECKS: Ensures that the grains of dal are uniform and of premium quality</span></li>\n 	<li class=""a-spacing-small""><span class=""a-list-item"">CHEF RECOMMENDED: Recommended by Chef Sanjeev Kapoor and Chef Ranveer Brar</span></li>\n 	<li class=""a-spacing-small""><span class=""a-list-item"">AMAZING RECIPES: Used in a variety of snacks, salads, soups, and many more</span></li>\n 	<li class=""a-spacing-small""></li>\n</ul>",,,taxable,,0,,,0,1,,,,,1,,52,70," DALS & PULSES,  MAGGI, NOODLES, PASTA & OATS",,,https://kfs24x7.com/wp-content/uploads/F142-1.jpeg,,,,,,,,,0,0,,classic-editor,1,,,0,0,default,,,,,,,,,,,,,,,,,,,,,,,,,,,,,,,,
3738,simple,F556,FORTUNE BLACK CHANA (UNPOLISHED)-500 GM,1,0,visible,"<table class=""a-normal a-spacing-micro"">\n<tbody>\n<tr class=""a-spacing-small po-brand"">\n<td class=""a-span3""><span class=""a-size-base a-text-bold"">Brand</span></td>\n<td class=""a-span9""><span class=""a-size-base po-break-word"">Fortune</span></td>\n</tr>\n<tr class=""a-spacing-small po-item_weight"">\n<td class=""a-span3""><span class=""a-size-base a-text-bold"">Item Weight</span></td>\n<td class=""a-span9""><span class=""a-size-base po-break-word"">500 Grams</span></td>\n</tr>\n<tr class=""a-spacing-small po-specialty"">\n<td class=""a-span3""><span class=""a-size-base a-text-bold"">Speciality</span></td>\n<td class=""a-span9""><span class=""a-size-base po-break-word"">Suitable for vegetarians</span></td>\n</tr>\n<tr class=""a-spacing-small po-item_form"">\n<td class=""a-span3""><span class=""a-size-base a-text-bold"">Item Form</span></td>\n<td class=""a-span9""><span class=""a-size-base po-break-word"">Liquid</span></td>\n</tr>\n<tr class=""a-spacing-small po-diet_type"">\n<td class=""a-span3""><span class=""a-size-base a-text-bold"">Diet Type</span></td>\n<td class=""a-span9""><span class=""a-size-base po-break-word"">Vegetarian</span></td>\n</tr>\n<tr class=""a-spacing-small po-item_package_weight"">\n<td class=""a-span3""><span class=""a-size-base a-text-bold"">Package Weight</span></td>\n<td class=""a-span9""><span class=""a-size-base po-break-word"">500 Kilograms</span></td>\n</tr>\n<tr class=""a-spacing-small po-variety"">\n<td class=""a-span3""><span class=""a-size-base a-text-bold"">Variety</span></td>\n<td class=""a-span9""><span class=""a-size-base po-break-word"">Chickpeas</span></td>\n</tr>\n</tbody>\n</table>","<h1 class=""a-size-base-plus a-text-bold"">About this item</h1>\n<ul class=""a-unordered-list a-vertical a-spacing-mini"">\n 	<li class=""a-spacing-small""><span class=""a-list-item"">RICH TASTE: Fortune Kala Chana is delicious in taste</span></li>\n 	<li class=""a-spacing-small""><span class=""a-list-item"">UNPOLISHED DALS: Fortune dals do not undergo any artificial polishing with water, oil or leather, thereby retaining their goodness and wholesome character</span></li>\n 	<li class=""a-spacing-small""><span class=""a-list-item"">5-STEP PROCESS FOR STRINGENT QUALITY CHECKS: Ensures that the grains of dal are uniform and of premium quality</span></li>\n 	<li class=""a-spacing-small""><span class=""a-list-item"">CHEF RECOMMENDED: Recommended by Chef Sanjeev Kapoor and Chef Ranveer Brar</span></li>\n 	<li class=""a-spacing-small""><span class=""a-list-item"">AMAZING RECIPES: Used in a variety of snacks, salads, hummus dips, and many more</span></li>\n</ul>",,,taxable,,1,,,0,1,,,,,1,,65,75, DALS & PULSES,,,https://kfs24x7.com/wp-content/uploads/F556.jpg,,,,,,,,,0,0,,classic-editor,1,,,0,0,,,,,,,,,,,,,,,,,,,,,,,,,,,,,,,,,
3739,simple,F557,HIMALAYA BABY MASSAGE OIL-100 ML,1,0,visible,,,,,taxable,,1,,,0,1,,,,,1,,90,100, BABY CARE,,,https://kfs24x7.com/wp-content/uploads/18340.jpg,,,,,,,,,0,0,,,,,,,,,,,,,,,,,,,,,,,,,,,,,,,,,,,,,,,,
3740,simple,F558,SCOTCH-BRITE (LARGE SIZE) 3 PAD SAVE ? 15,1,0,visible,,,,,taxable,,1,,,0,1,,,,,1,,87.75,90, DISH WASH BAR,,,https://kfs24x7.com/wp-content/uploads/18344.jpg,,,,,,,,,0,0,,,,,,,,,,,,,,,,,,,,,,,,,,,,,,,,,,,,,,,,
3741,simple,F559,SCOTCH-BRITE (LARGE SIZE)-1 PAD,1,0,visible,,,,,taxable,,1,,,0,1,,,,,1,,34.13,35, DISH WASH BAR,,,https://kfs24x7.com/wp-content/uploads/18346.jpg,,,,,,,,,0,0,,,,,,,,,,,,,,,,,,,,,,,,,,,,,,,,,,,,,,,,
3742,simple,F560,SCOTCH BRITE (SMALL SIZE)- 3+1,1,0,visible,,BUY 3 GET 1 FREE OFFER,,,taxable,,0,,,0,1,,,,,1,,39,40, DISH WASH BAR,,,https://kfs24x7.com/wp-content/uploads/18350.jpg,,,,,,,,,0,0,,,,,,,,,,,,,,,,,,,,,,,,,,,,,,,,,,,,,,,,
3743,simple,F561,LIFEBUOY LEMON FRESH BATH SOAP-100 GM,1,0,visible,,,,,taxable,,1,,,0,1,,,,,1,,27.3,28, PERSONAL CARE,,,https://kfs24x7.com/wp-content/uploads/18352.jpg,,,,,,,,,0,0,,,,,,,,,,,,,,,,,,,,,,,,,,,,,,,,,,,,,,,,
3744,simple,F562,COLGATE MAXFRESH-70 GM+14 GM,1,0,visible,WITH COOLING CRYSTALS\n\nSUPER FRESHNESS FOR EXTRA CONFIDENCE,,,,taxable,,1,,,0,1,,,,,1,,53.35,55, PERSONAL CARE,,,https://kfs24x7.com/wp-content/uploads/18356.jpg,,,,,,,,,0,0,,,,,,,,,,,,,,,,,,,,,,,,,,,,,,,,,,,,,,,,
3745,simple,F563,TOPS DARK SOYA SAUCE-220 GM,1,0,visible,,,,,taxable,,1,,,0,1,,,,,1,,51.7,55," JAM, PICKLE & SOUCES",,,https://kfs24x7.com/wp-content/uploads/18358.jpg,,,,,,,,,0,0,,,,,,,,,,,,,,,,,,,,,,,,,,,,,,,,,,,,,,,,
3746,simple,F564,PARLE G-250 GM,1,0,visible,,,,,taxable,,1,,,0,1,,,,,1,,28.5,30, BISCUITS & CAKES,,,https://kfs24x7.com/wp-content/uploads/18362.jpg,,,,,,,,,0,0,,,,,,,,,,,,,,,,,,,,,,,,,,,,,,,,,,,,,,,,
3747,simple,F565,LOOSE YELLOW MOONG DAL-1 KG,1,0,visible,IN PACKET,LOOSE YELLOW MOONG DAL-500 GM X 2=1 KG,,,taxable,,1,,,0,1,,,,,1,,,135, DALS & PULSES,,,https://kfs24x7.com/wp-content/uploads/F565.jpeg,,,,,,,,,0,0,,,,,,,,default,,,,,,,,,,,,,,,,,,,,,,,,,,,,,,,,
3748,simple,F566,NATUROZ CALIFORNIA WALNUT KERNELS-1 KG,1,0,visible,"<table class=""a-normal a-spacing-micro"">\n<tbody>\n<tr class=""a-spacing-small po-flavor"">\n<td class=""a-span3""><span class=""a-size-base a-text-bold"">Flavour</span></td>\n<td class=""a-span9""><span class=""a-size-base po-break-word"">Whole Natural</span></td>\n</tr>\n<tr class=""a-spacing-small po-brand"">\n<td class=""a-span3""><span class=""a-size-base a-text-bold"">Brand</span></td>\n<td class=""a-span9""><span class=""a-size-base po-break-word"">Naturoz</span></td>\n</tr>\n<tr class=""a-spacing-small po-allergen_information"">\n<td class=""a-span3""><span class=""a-size-base a-text-bold"">Allergen Information</span></td>\n<td class=""a-span9""><span class=""a-size-base po-break-word"">Tree Nut Free</span></td>\n</tr>\n<tr class=""a-spacing-small po-item_weight"">\n<td class=""a-span3""><span class=""a-size-base a-text-bold"">Item Weight</span></td>\n<td class=""a-span9""><span class=""a-size-base po-break-word"">1000 Grams</span></td>\n</tr>\n<tr class=""a-spacing-small po-item_form"">\n<td class=""a-span3""><span class=""a-size-base a-text-bold"">Item Form</span></td>\n<td class=""a-span9""><span class=""a-size-base po-break-word"">Dried</span></td>\n</tr>\n</tbody>\n</table>","<h1 class=""a-size-base-plus a-text-bold"">About this item</h1>\n<ul class=""a-unordered-list a-vertical a-spacing-mini"">\n 	<li class=""a-spacing-small""><span class=""a-list-item"">Healthy ready food to curb those hunger pangs</span></li>\n 	<li class=""a-spacing-small""><span class=""a-list-item"">Storage information- keep it cool and dry place</span></li>\n 	<li class=""a-spacing-small""><span class=""a-list-item"">Best quality walnut sourced from California usa</span></li>\n 	<li class=""a-spacing-small""><span class=""a-list-item"">Rich in beneficial nutrients. Maximum Shelf Life : 6 Months</span></li>\n 	<li class=""a-spacing-small""><span class=""a-list-item"">Best as a snack</span></li>\n 	<li class=""a-spacing-small""><span class=""a-list-item"">Premium quality, amazing taste, soft in chewing</span></li>\n 	<li class=""a-spacing-small""><span class=""a-list-item"">Processed and packed in fssc: 22000 and haccp certified plant - the best among food safety ratings</span></li>\n</ul>\n<div class=""a-row a-expander-container a-expander-inline-container"">\n<div class=""a-expander-content a-expander-extend-content a-expander-content-expanded"" aria-expanded=""true"">\n<ul class=""a-unordered-list a-vertical a-spacing-none"">\n 	<li class=""a-spacing-small""><span class=""a-list-item"">ingredients: Walnuts. allergen_information: Walnuts</span></li>\n 	<li class=""a-spacing-small""><span class=""a-list-item"">flavor_name: Whole Natural.</span></li>\n</ul>\n</div>\n</div>",,,taxable,,0,,,0,1,,,,,1,,1162,1875, DRY FRUITS,,,https://kfs24x7.com/wp-content/uploads/F443.jpg,,,,,,,,,0,0,,classic-editor,1,,,0,0,,,,,,,,,,,,,,,,,,,,,,,,,,,,,,,,,
3749,simple,F567,KELLOGG'S PLAIN OATS-200 GM,1,0,visible,,,,,taxable,,1,,,0,1,,,,,1,,,53," MAGGI, NOODLES, PASTA & OATS",,,https://kfs24x7.com/wp-content/uploads/18453.jpg,,,,,,,,,0,0,,,,,,,,,,,,,,,,,,,,,,,,,,,,,,,,,,,,,,,,
3750,simple,F568,KELLOGGS'S CORN FLAKES-1.2 KG,1,0,visible,"<table class=""a-normal a-spacing-micro"">\n<tbody>\n<tr class=""a-spacing-small po-brand"">\n<td class=""a-span3""><span class=""a-size-base a-text-bold"">Brand</span></td>\n<td class=""a-span9""><span class=""a-size-base po-break-word"">Kellogg's</span></td>\n</tr>\n<tr class=""a-spacing-small po-diet_type"">\n<td class=""a-span3""><span class=""a-size-base a-text-bold"">Diet Type</span></td>\n<td class=""a-span9""><span class=""a-size-base po-break-word"">Vegetarian</span></td>\n</tr>\n<tr class=""a-spacing-small po-flavor"">\n<td class=""a-span3""><span class=""a-size-base a-text-bold"">Flavour</span></td>\n<td class=""a-span9""><span class=""a-size-base po-break-word"">Strawberry</span></td>\n</tr>\n<tr class=""a-spacing-small po-age_range_description"">\n<td class=""a-span3""><span class=""a-size-base a-text-bold"">Age Range (Description)</span></td>\n<td class=""a-span9""><span class=""a-size-base po-break-word"">Adult</span></td>\n</tr>\n<tr class=""a-spacing-small po-item_form"">\n<td class=""a-span3""><span class=""a-size-base a-text-bold"">Item Form</span></td>\n<td class=""a-span9""><span class=""a-size-base po-break-word"">Flaked</span></td>\n</tr>\n<tr class=""a-spacing-small po-specialty"">\n<td class=""a-span3""><span class=""a-size-base a-text-bold"">Speciality</span></td>\n<td class=""a-span9""><span class=""a-size-base po-break-word"">Vegetarian</span></td>\n</tr>\n</tbody>\n</table>","<h1 class=""a-size-base-plus a-text-bold"">About this item</h1>\n<ul class=""a-unordered-list a-vertical a-spacing-mini"">\n 	<li class=""a-spacing-small""><span class=""a-list-item"">Kellogg's Corn Flakes is a nourishing and tasty ready-to-eat breakfast cereal which is High in Iron, Vitamin C and key essential B group Vitamins such as B1, B2, B3, B6, B12 and Folate.</span></li>\n 	<li class=""a-spacing-small""><span class=""a-list-item"">Kellogg's Corn Flakes Original is naturally cholesterol free. It contains only 1% Fat. You can count on Kellogg's for a great tasting and convenient breakfast that is nourishing.</span></li>\n 	<li class=""a-spacing-small""><span class=""a-list-item"">These corn flakes are made from sun ripened corn. The selected grains are cooked, flattened and are gently toasted to develop into your delicious golden crispy cereal.</span></li>\n 	<li class=""a-spacing-small""><span class=""a-list-item"">Serve it with milk or curd/yoghurt and top it with fresh fruits such as bananas, strawberry or mangoes, dry fruits, honey and enjoy a nourishing breakfast.</span></li>\n 	<li class=""a-spacing-small""><span class=""a-list-item"">Kellogg's Corn Flakes is a quick and convenient breakfast option that is ready in minutes.</span></li>\n 	<li class=""a-spacing-small""><span class=""a-list-item"">Break the monotony of breakfast and use Kellogg's Corn Flakes as a nourishing/tasty ingredient in a variety of recipes. Crunch up your Chana Chats, Fruity Yoghurt or Stir Fry with Kellogg's Corn Flakes and enjoy it at breakfast, lunch or dinner. Use it to prepare various tasty delights loved by kids and adults alike.</span></li>\n</ul>",,,taxable,,1,,,0,1,,,,,1,,480,510," MAGGI, NOODLES, PASTA & OATS",,,https://kfs24x7.com/wp-content/uploads/F568.jpg,,,,,,,,,0,0,,classic-editor,1,,,0,0,,,,,,,,,,,,,,,,,,,,,,,,,,,,,,,,,
3751,simple,F569,MADHUR SUGAR-2 KG,1,0,visible,,,,,taxable,,1,,,0,1,,,,,1,,110,130, SUGAR & SALT,,,https://kfs24x7.com/wp-content/uploads/18911.jpg,,,,,"F162, F533, F447, F169, F532","F162, F533, F447, F169, F532",,,0,0,,,,,,,,default,,,,,,,,,,,,,,,,,,,,,,,,,,,,,,,,
3752,simple,F570,EZEE (BOTTLE)-1 LTR,1,0,visible,,,,,taxable,,0,,,0,1,,,,,1,,196.8,205, WASHING POWDER & DITERGENT CAKE,,,https://kfs24x7.com/wp-content/uploads/F570.jpeg,,,,,,,,,0,0,,,,,,,,default,,,,,,,,,,,,,,,,,,,,,,,,,,,,,,,,
3753,simple,F573,NATUROZ CALIFORNIA WALNUT KERNELS-800 GM,1,0,visible,"<table class=""a-normal a-spacing-micro"">\n<tbody>\n<tr class=""a-spacing-small po-flavor"">\n<td class=""a-span3""><span class=""a-size-base a-text-bold"">Flavour</span></td>\n<td class=""a-span9""><span class=""a-size-base po-break-word"">Whole Natural</span></td>\n</tr>\n<tr class=""a-spacing-small po-brand"">\n<td class=""a-span3""><span class=""a-size-base a-text-bold"">Brand</span></td>\n<td class=""a-span9""><span class=""a-size-base po-break-word"">Naturoz</span></td>\n</tr>\n<tr class=""a-spacing-small po-allergen_information"">\n<td class=""a-span3""><span class=""a-size-base a-text-bold"">Allergen Information</span></td>\n<td class=""a-span9""><span class=""a-size-base po-break-word"">Tree Nut Free</span></td>\n</tr>\n<tr class=""a-spacing-small po-item_weight"">\n<td class=""a-span3""><span class=""a-size-base a-text-bold"">Item Weight</span></td>\n<td class=""a-span9""><span class=""a-size-base po-break-word"">800 Grams</span></td>\n</tr>\n<tr class=""a-spacing-small po-item_form"">\n<td class=""a-span3""><span class=""a-size-base a-text-bold"">Item Form</span></td>\n<td class=""a-span9""><span class=""a-size-base po-break-word"">Dried</span></td>\n</tr>\n</tbody>\n</table>","<h1 class=""a-size-base-plus a-text-bold"">About this item</h1>\n<ul class=""a-unordered-list a-vertical a-spacing-mini"">\n 	<li class=""a-spacing-small""><span class=""a-list-item"">Healthy ready food to curb those hunger pangs</span></li>\n 	<li class=""a-spacing-small""><span class=""a-list-item"">Storage information- keep it cool and dry place</span></li>\n 	<li class=""a-spacing-small""><span class=""a-list-item"">Best quality walnut sourced from California usa</span></li>\n 	<li class=""a-spacing-small""><span class=""a-list-item"">Rich in beneficial nutrients. Maximum Shelf Life : 6 Months</span></li>\n 	<li class=""a-spacing-small""><span class=""a-list-item"">Best as a snack</span></li>\n 	<li class=""a-spacing-small""><span class=""a-list-item"">Premium quality, amazing taste, soft in chewing</span></li>\n 	<li class=""a-spacing-small""><span class=""a-list-item"">Processed and packed in fssc: 22000 and haccp certified plant - the best among food safety ratings</span></li>\n</ul>\n<div class=""a-row a-expander-container a-expander-inline-container"">\n<div class=""a-expander-content a-expander-extend-content a-expander-content-expanded"" aria-expanded=""true"">\n<ul class=""a-unordered-list a-vertical a-spacing-none"">\n 	<li class=""a-spacing-small""><span class=""a-list-item"">ingredients: Walnuts. allergen_information: Walnuts</span></li>\n 	<li class=""a-spacing-small""><span class=""a-list-item"">flavor_name: Whole Natural.</span></li>\n</ul>\n</div>\n</div>",,,taxable,,1,,,0,1,,,,,1,,990,1500," MAGGI, NOODLES, PASTA & OATS",,,https://kfs24x7.com/wp-content/uploads/F443.jpg,,,,,,,,,0,0,,classic-editor,1,,,0,0,,,,,,,,,,,,,,,,,,,,,,,,,,,,,,,,,
3810,simple,F574,AMUL BUTTER-200 GM,1,0,visible,,,,,taxable,,1,,,0,1,,,,,1,,,118,Grocery,,,https://kfs24x7.com/wp-content/uploads/F574.jpg,,,,,,,,,0,0,,,,,,,,,,,,,,,,,,,,,,,,,,,,,,,,,,,,,,,,
3811,simple,F575,WAGH BAKRI TEA-1 KG,1,0,visible,Humesha Ristey Banaye,PREMIUM LEAF TEA,,,taxable,,1,,,0,1,,,,,1,,648,660, TEA,,,https://kfs24x7.com/wp-content/uploads/f575.jpg,,,,,,,,,0,0,,,,,,,,default,,,,,,,,,,,,,,,,,,,,,,,,,,,,,,,,
3812,simple,F576,KOHINOOR BASMATI RICE-1 KG+25% EXTRA,1,0,visible,"<div id=""expiryDate_feature_div"" class=""celwidget"" data-feature-name=""expiryDate"" data-csa-c-type=""widget"" data-csa-c-content-id=""expiryDate"" data-csa-c-slot-id=""expiryDate_feature_div"" data-csa-c-asin=""B01N5VGWNG"" data-csa-c-is-in-initial-active-row=""false"" data-csa-c-id=""6z4lq5-5uuk4s-wv406s-gmibm6"" data-cel-widget=""expiryDate_feature_div"">\n\n<span class=""a-size-base""><span class=""a-size-base"">Use by: 04 NOV 2024</span></span>\n<table class=""a-normal a-spacing-micro"">\n<tbody>\n<tr class=""a-spacing-small po-brand"">\n<td class=""a-span3""><span class=""a-size-base a-text-bold"">Brand</span></td>\n<td class=""a-span9""><span class=""a-size-base po-break-word"">Kohinoor</span></td>\n</tr>\n<tr class=""a-spacing-small po-diet_type"">\n<td class=""a-span3""><span class=""a-size-base a-text-bold"">Diet Type</span></td>\n<td class=""a-span9""><span class=""a-size-base po-break-word"">Vegetarian</span></td>\n</tr>\n<tr class=""a-spacing-small po-number_of_items"">\n<td class=""a-span3""><span class=""a-size-base a-text-bold"">Number of Items</span></td>\n<td class=""a-span9""><span class=""a-size-base po-break-word"">1</span></td>\n</tr>\n<tr class=""a-spacing-small po-unit_count"">\n<td class=""a-span3""><span class=""a-size-base a-text-bold"">Net Quantity</span></td>\n<td class=""a-span9""><span class=""a-size-base po-break-word"">1000.0 gram</span></td>\n</tr>\n<tr class=""a-spacing-small po-item_weight"">\n<td class=""a-span3""><span class=""a-size-base a-text-bold"">Item Weight</span></td>\n<td class=""a-span9""><span class=""a-size-base po-break-word"">1250 Grams</span></td>\n</tr>\n</tbody>\n</table>\n</div>\n<div id=""productOverview_feature_div"" class=""celwidget"" data-feature-name=""productOverview"" data-csa-c-type=""widget"" data-csa-c-content-id=""productOverview"" data-csa-c-slot-id=""productOverview_feature_div"" data-csa-c-asin=""B01N5VGWNG"" data-csa-c-is-in-initial-active-row=""false"" data-csa-c-id=""648472-dsfzkf-lenodm-h27mo5"" data-cel-widget=""productOverview_feature_div"">\n<div class=""a-section a-spacing-small a-spacing-top-small""></div>\n</div>","<h1 class=""a-size-base-plus a-text-bold"">About this item</h1>\n<ul class=""a-unordered-list a-vertical a-spacing-mini"">\n 	<li class=""a-spacing-small""><span class=""a-list-item"">[Authentic basmati rice]: Naturally curated and nurtured with the utmost care</span></li>\n 	<li class=""a-spacing-small""><span class=""a-list-item"">[Value for money]: Extra value basmati rice with super aroma, superior length and supreme taste</span></li>\n 	<li class=""a-spacing-small""><span class=""a-list-item"">[Flavourful and aromatic]: Ultimate taste and sweet earthy aroma enhance the rice-eating experience</span></li>\n 	<li class=""a-spacing-small""><span class=""a-list-item"">[Everyday consumption rice]: Ideal for dishes prepared regularly in households like biryani, pulao &amp; steam rice</span></li>\n 	<li class=""a-spacing-small""><span class=""a-list-item"">[Selected with care]: Carefully processed in a world class manufacturing facility for daily consumption</span></li>\n</ul>",,,taxable,,1,,,0,0,,,,,0,,163,199, RICE,,,https://kfs24x7.com/wp-content/uploads/F576-1.jpg,,,,,,,,,0,0,,classic-editor,1,,,0,0,default,,,,,,,,,,,,,,,,,,,,,,,,,,,,,,,,
3813,simple,F577,KOHINOOR ROYAL BASMATI RICE-1 KG,1,0,visible,"<div id=""twister_feature_div"" class=""celwidget"" data-feature-name=""twister"" data-csa-c-type=""widget"" data-csa-c-content-id=""twister"" data-csa-c-slot-id=""twister_feature_div"" data-csa-c-asin=""B07NRMV11R"" data-csa-c-is-in-initial-active-row=""false"" data-csa-c-id=""ji03xf-4u5vq8-5ifn94-bp2jip"" data-cel-widget=""twister_feature_div"">\n<div id=""twisterContainer"" class=""addTwisterMargin"">\n<div class=""a-section""><form id=""twister"" class=""a-spacing-small"" action=""https://www.amazon.in/gp/product"" method=""get"">\n<div id=""variation_size_name"" class=""a-section a-spacing-small"">\n<div class=""a-row a-spacing-micro singleton""><label class=""a-form-label"">USE BY : 20 NOV 2024</label></div>\n</div>\n</form></div>\n</div>\n</div>\n<div id=""twisterPlusWWDesktop"" class=""celwidget"" data-feature-name=""twisterPlusWWDesktop"" data-csa-c-type=""widget"" data-csa-c-content-id=""twisterPlusWWDesktop"" data-csa-c-slot-id=""twisterPlusWWDesktop"" data-csa-c-asin=""B07NRMV11R"" data-csa-c-is-in-initial-active-row=""false"" data-csa-c-id=""5yp5l6-p58osg-u49a60-sgabmm"" data-cel-widget=""twisterPlusWWDesktop""></div>\n<div id=""productOverview_feature_div"" class=""celwidget"" data-feature-name=""productOverview"" data-csa-c-type=""widget"" data-csa-c-content-id=""productOverview"" data-csa-c-slot-id=""productOverview_feature_div"" data-csa-c-asin=""B07NRMV11R"" data-csa-c-is-in-initial-active-row=""false"" data-csa-c-id=""3ozxd2-n4wmge-6xo9sf-dfufif"" data-cel-widget=""productOverview_feature_div"">\n<div class=""a-section a-spacing-small a-spacing-top-small"">\n<table class=""a-normal a-spacing-micro"">\n<tbody>\n<tr class=""a-spacing-small po-brand"">\n<td class=""a-span3""><span class=""a-size-base a-text-bold"">Brand</span></td>\n<td class=""a-span9""><span class=""a-size-base po-break-word"">Kohinoor</span></td>\n</tr>\n<tr class=""a-spacing-small po-diet_type"">\n<td class=""a-span3""><span class=""a-size-base a-text-bold"">Diet Type</span></td>\n<td class=""a-span9""><span class=""a-size-base po-break-word"">Vegetarian</span></td>\n</tr>\n<tr class=""a-spacing-small po-number_of_items"">\n<td class=""a-span3""><span class=""a-size-base a-text-bold"">Number of Items</span></td>\n<td class=""a-span9""><span class=""a-size-base po-break-word"">1</span></td>\n</tr>\n<tr class=""a-spacing-small po-unit_count"">\n<td class=""a-span3""><span class=""a-size-base a-text-bold"">Net Quantity</span></td>\n<td class=""a-span9""><span class=""a-size-base po-break-word"">1000.0 gram</span></td>\n</tr>\n<tr class=""a-spacing-small po-item_weight"">\n<td class=""a-span3""><span class=""a-size-base a-text-bold"">Item Weight</span></td>\n<td class=""a-span9""><span class=""a-size-base po-break-word"">1000 Grams</span></td>\n</tr>\n</tbody>\n</table>\n</div>\n</div>","<h1 class=""a-size-base-plus a-text-bold"">About this item</h1>\n<ul class=""a-unordered-list a-vertical a-spacing-mini"">\n 	<li class=""a-spacing-small""><span class=""a-list-item"">[Authentic basmati rice]: Naturally curated and nurtured with the utmost care</span></li>\n 	<li class=""a-spacing-small""><span class=""a-list-item"">[Serves true flavours]: Extra-long and flavorful rice grains of Kohinoor Royale Basmati Rice ensures great dishes</span></li>\n 	<li class=""a-spacing-small""><span class=""a-list-item"">[Flavourful and aromatic]: Ultimate taste and sweet earthy aroma enhance the rice-eating experience</span></li>\n 	<li class=""a-spacing-small""><span class=""a-list-item"">[Premium rice]: Ideal for making festive preparations like biryani, pulao &amp; steam rice</span></li>\n 	<li class=""a-spacing-small""><span class=""a-list-item"">[Careful selection]: Gluten fre rice governed by the highest food quality and safety standards</span></li>\n 	<li class=""a-spacing-small""><span class=""a-list-item"">Searched topics: real basmati,everyday basmati,Authentic basmati rice, rice,basmati rice,kohinoor,rice recipe,fried rice,chawal,rozana rice,value rice,rice,rice 5kg pantry low</span></li>\n</ul>",,,taxable,,1,,,0,0,,,,,0,,175,219, RICE,,,https://kfs24x7.com/wp-content/uploads/F577-1.jpg,,,,,,,,,0,0,,classic-editor,1,,,0,0,,,,,,,,,,,,,,,,,,,,,,,,,,,,,,,,,
3814,simple,F578,CHUK DE BLACK SALT POWDER-200 GM,1,0,visible,THE SAFEST SPICES OF INDIA,Saaf Nahin to Paise Nahin offer,,,taxable,,0,,,0,0,,,,,0,,22,24, SUGAR & SALT,,,https://kfs24x7.com/wp-content/uploads/F578.jpeg,,,,,,,,,0,0,,,,,,,,,,,,,,,,,,,,,,,,,,,,,,,,,,,,,,,,
3815,simple,F579,FORTUNE MASOOR MALKA WHOLE (UNPOLISHED)-500 GM,1,0,visible,"<table class=""a-normal a-spacing-micro"">\n<tbody>\n<tr class=""a-spacing-small po-brand"">\n<td class=""a-span3""><span class=""a-size-base a-text-bold"">Brand</span></td>\n<td class=""a-span9""><span class=""a-size-base po-break-word"">Fortune</span></td>\n</tr>\n<tr class=""a-spacing-small po-item_weight"">\n<td class=""a-span3""><span class=""a-size-base a-text-bold"">Item Weight</span></td>\n<td class=""a-span9""><span class=""a-size-base po-break-word"">500 Grams</span></td>\n</tr>\n<tr class=""a-spacing-small po-specialty"">\n<td class=""a-span3""><span class=""a-size-base a-text-bold"">Speciality</span></td>\n<td class=""a-span9""><span class=""a-size-base po-break-word"">Suitable for vegeterians</span></td>\n</tr>\n<tr class=""a-spacing-small po-item_form"">\n<td class=""a-span3""><span class=""a-size-base a-text-bold"">Item Form</span></td>\n<td class=""a-span9""><span class=""a-size-base po-break-word"">Whole</span></td>\n</tr>\n<tr class=""a-spacing-small po-diet_type"">\n<td class=""a-span3""><span class=""a-size-base a-text-bold"">Diet Type</span></td>\n<td class=""a-span9""><span class=""a-size-base po-break-word"">Vegetarian</span></td>\n</tr>\n<tr class=""a-spacing-small po-item_package_weight"">\n<td class=""a-span3""><span class=""a-size-base a-text-bold"">Package Weight</span></td>\n<td class=""a-span9""><span class=""a-size-base po-break-word""> 500 GM</span></td>\n</tr>\n<tr class=""a-spacing-small po-variety"">\n<td class=""a-span3""><span class=""a-size-base a-text-bold"">Variety</span></td>\n<td class=""a-span9""><span class=""a-size-base po-break-word"">Lentils</span></td>\n</tr>\n</tbody>\n</table>","<h1 class=""a-size-base-plus a-text-bold"">About this item</h1>\n<ul class=""a-unordered-list a-vertical a-spacing-mini"">\n 	<li class=""a-spacing-small""><span class=""a-list-item"">RICH TASTE: Fortune Masoor Dal (Whole) is delicious in taste</span></li>\n 	<li class=""a-spacing-small""><span class=""a-list-item"">UNPOLISHED DALS: Fortune dals do not undergo any artificial polishing with water, oil or leather, thereby retaining their goodness and wholesome character</span></li>\n 	<li class=""a-spacing-small""><span class=""a-list-item"">5-STEP PROCESS FOR STRINGENT QUALITY CHECKS: Ensures that the grains of dal are uniform and of premium quality</span></li>\n 	<li class=""a-spacing-small""><span class=""a-list-item"">CHEF RECOMMENDED: Recommended by Chef Sanjeev Kapoor and Chef Ranveer Brar</span></li>\n 	<li class=""a-spacing-small""><span class=""a-list-item"">AMAZING RECIPES: Used in a variety of salads, soups, biryani, and many more</span></li>\n 	<li class=""a-spacing-small""></li>\n</ul>",,,taxable,,1,,,0,0,,,,,0,,65,85, DALS & PULSES,,,https://kfs24x7.com/wp-content/uploads/F579.webp,,,,,,,,,0,0,,classic-editor,1,,,0,0,,,,,,,,,,,,,,,,,,,,,,,,,,,,,,,,,
3816,simple,F580,FORTUNE MASOOR MALKA WHOLE(UNPOLISHED)-1 KG,1,0,visible,"<table class=""a-normal a-spacing-micro"">\n<tbody>\n<tr class=""a-spacing-small po-brand"">\n<td class=""a-span3""><span class=""a-size-base a-text-bold"">Brand</span></td>\n<td class=""a-span9""><span class=""a-size-base po-break-word"">Fortune</span></td>\n</tr>\n<tr class=""a-spacing-small po-item_weight"">\n<td class=""a-span3""><span class=""a-size-base a-text-bold"">Item Weight</span></td>\n<td class=""a-span9""><span class=""a-size-base po-break-word"">500 Grams</span></td>\n</tr>\n<tr class=""a-spacing-small po-specialty"">\n<td class=""a-span3""><span class=""a-size-base a-text-bold"">Speciality</span></td>\n<td class=""a-span9""><span class=""a-size-base po-break-word"">Suitable for vegeterians</span></td>\n</tr>\n<tr class=""a-spacing-small po-item_form"">\n<td class=""a-span3""><span class=""a-size-base a-text-bold"">Item Form</span></td>\n<td class=""a-span9""><span class=""a-size-base po-break-word"">Whole</span></td>\n</tr>\n<tr class=""a-spacing-small po-diet_type"">\n<td class=""a-span3""><span class=""a-size-base a-text-bold"">Diet Type</span></td>\n<td class=""a-span9""><span class=""a-size-base po-break-word"">Vegetarian</span></td>\n</tr>\n<tr class=""a-spacing-small po-item_package_weight"">\n<td class=""a-span3""><span class=""a-size-base a-text-bold"">Package Weight</span></td>\n<td class=""a-span9""><span class=""a-size-base po-break-word""> 500 GM</span></td>\n</tr>\n<tr class=""a-spacing-small po-variety"">\n<td class=""a-span3""><span class=""a-size-base a-text-bold"">Variety</span></td>\n<td class=""a-span9""><span class=""a-size-base po-break-word"">Lentils</span></td>\n</tr>\n</tbody>\n</table>","<h1 class=""a-size-base-plus a-text-bold"">About this item</h1>\n<ul class=""a-unordered-list a-vertical a-spacing-mini"">\n 	<li class=""a-spacing-small""><span class=""a-list-item"">RICH TASTE: Fortune Masoor Dal (Whole) is delicious in taste</span></li>\n 	<li class=""a-spacing-small""><span class=""a-list-item"">UNPOLISHED DALS: Fortune dals do not undergo any artificial polishing with water, oil or leather, thereby retaining their goodness and wholesome character</span></li>\n 	<li class=""a-spacing-small""><span class=""a-list-item"">5-STEP PROCESS FOR STRINGENT QUALITY CHECKS: Ensures that the grains of dal are uniform and of premium quality</span></li>\n 	<li class=""a-spacing-small""><span class=""a-list-item"">CHEF RECOMMENDED: Recommended by Chef Sanjeev Kapoor and Chef Ranveer Brar</span></li>\n 	<li class=""a-spacing-small""><span class=""a-list-item"">AMAZING RECIPES: Used in a variety of salads, soups, biryani, and many more</span></li>\n</ul>",,,taxable,,1,,,0,0,,,,,0,,125,170, DALS & PULSES,,,https://kfs24x7.com/wp-content/uploads/F579.webp,,,,,,,,,0,0,,classic-editor,1,,,0,0,,,,,,,,,,,,,,,,,,,,,,,,,,,,,,,,,
3817,simple,F581,CHUK DE JEERA SABUT (CUMIN WHOLE)-100 GM,1,0,visible,THE SAFEST SPICES OF INDIA,Saaf Nahin to Paise Nahin offer,,,taxable,,0,,,0,0,,,,,0,,42,50, MASALA,,,https://kfs24x7.com/wp-content/uploads/F088-1.jpg,,,,,,,,,0,0,,,,,,,,,,,,,,,,,,,,,,,,,,,,,,,,,,,,,,,,
3818,simple,F582,CHUK DE LAUNG SABUT (CLOVE WHOLE)-50 GM,1,0,visible,THE SAFEST SPICES OF INDIA,Saaf Nahin to Paise Nahin offer,,,taxable,,0,,,0,0,,,,,0,,76.5,90, MASALA,,,https://kfs24x7.com/wp-content/uploads/F582.jpg,,,,,,,,,0,0,,,,,,,,,,,,,,,,,,,,,,,,,,,,,,,,,,,,,,,,
3819,simple,F583,CHUK DE MOTI ELAICHI (BIG CARDAMOM)-50 GM,1,0,visible,THE SAFEST SPICES OF INDIA,Saaf Nahin to Paise Nahin offer,,,taxable,,1,,,0,0,,,,,0,,106.25,125, MASALA,,,https://kfs24x7.com/wp-content/uploads/F583.jpg,,,,,,,,,0,0,,,,,,,,,,,,,,,,,,,,,,,,,,,,,,,,,,,,,,,,
3820,simple,F584,FORTUNE RAJMA CHITRA (UNPOLISHED)-500 GM,1,0,visible,,"<div class=""_3LyVz"">About the Product\n<div class=""_2OD5p""></div>\n</div>\n<div>\n<div class=""_26MFu  "">\n<div>\n\nFortune presents you with unpolished pulses in their truest form. Fortune Rajma Chitra is a sortex-cleaned, A-grade quality pulse. For retaining its authentic taste and nutritional value, you get the unpolished version which is healthier and tastier than the polished dal. Now savour the natural taste of pulses that have travelled all the way from the best farms to your plate. These pulses are selected grains that are almost uniform in size and colour. With it being unpolished, you can enjoy your dish now the way it's meant to be. Now give your diet the nutrition of protein with Fortune Rajma Chitra produced with Nutri-lock technology for your family's best health needs.\n\n</div>\n</div>\n</div>",,,taxable,,1,,,0,0,,,,,0,,109,145, DALS & PULSES,,,https://kfs24x7.com/wp-content/uploads/F584.webp,,,,,,,,,0,0,,classic-editor,1,,,0,0,,,,,,,,,,,,,,,,,,,,,,,,,,,,,,,,,
3821,simple,F585,FORTUNE KABULI CHANA (UNPOLISHED)-1 KG,1,0,visible,THE SAFEST SPICES OF INDIA,"<div class=""_3LyVz"">About the Product</div>\n<div class=""_3LyVz"">Fortune presents you with unpolished pulses in their truest form. Fortune Kabuli Chana Dal is a sortex-cleaned, A-grade quality pulse. For retaining its authentic taste and nutritional value, you get the unpolished version which is healthier and tastier than the polished dal. Now savour the natural taste of pulses that have travelled all the way from the best farms to your plate. These pulses are selected grains that are almost uniform in size and colour. With it being unpolished, you can enjoy your dish now the way it’s meant to be. Now give your diet the nutrition of protein with Fortune Kabuli Chana Dal produced with Nutri-lock technology for your family’s best health needs.</div>",,,taxable,,0,,,0,0,,,,,0,,148,198, DALS & PULSES,,,https://kfs24x7.com/wp-content/uploads/F089.webp,,,,,,,,,0,0,,classic-editor,1,,,0,0,default,,,,,,,,,,,,,,,,,,,,,,,,,,,,,,,,
3822,simple,F586,FORTUNE CHANA SATTU-1 KG,1,0,visible,THE SAFEST SPICES OF INDIA,,,,taxable,,1,,,0,0,,,,,0,,150,180," ATTA & FLOUR,  MASALA",,,https://kfs24x7.com/wp-content/uploads/416.jpeg,,,,,,,,,0,0,,classic-editor,1,,,0,0,,,,,,,,,,,,,,,,,,,,,,,,,,,,,,,,,
3823,simple,F587,FORTUNE YELLOW MOONG DAL (UNPOLISHED)-500,1,0,visible,,"<h1 class=""a-size-base-plus a-text-bold"">About this item</h1>\n<ul class=""a-unordered-list a-vertical a-spacing-mini"">\n 	<li class=""a-spacing-small""><span class=""a-list-item"">RICH TASTE: Fortune Moong Dal (Split) is delicious in taste</span></li>\n 	<li class=""a-spacing-small""><span class=""a-list-item"">UNPOLISHED DALS: Fortune dals do not undergo any artificial polishing with water, oil or leather, thereby retaining their goodness and wholesome character</span></li>\n 	<li class=""a-spacing-small""><span class=""a-list-item"">5-STEP PROCESS FOR STRINGENT QUALITY CHECKS: Ensures that the grains of dal are uniform and of premium quality</span></li>\n 	<li class=""a-spacing-small""><span class=""a-list-item"">CHEF RECOMMENDED: Recommended by Chef Sanjeev Kapoor and Chef Ranveer Brar</span></li>\n 	<li class=""a-spacing-small""><span class=""a-list-item"">AMAZING RECIPES: Used in a variety of salads, soups, and many more</span></li>\n</ul>",,,taxable,,1,,,0,0,,,,,0,,85,100, DALS & PULSES,,,https://kfs24x7.com/wp-content/uploads/F587.png,,,,,,,,,0,0,,classic-editor,1,,,0,0,,,,,,,,,,,,,,,,,,,,,,,,,,,,,,,,,
3824,simple,F589,NATUROZ CALIFORNIA ALMONDS-750 GM,1,0,visible,"<ul class=""a-unordered-list a-vertical a-spacing-mini"">\n 	<li class=""a-spacing-small""><span class=""a-list-item"">Best quality product from the house of Naturoz, sourced from California USA</span></li>\n 	<li class=""a-spacing-small""><span class=""a-list-item"">Delicious crispy taste, best as a snack</span></li>\n 	<li class=""a-spacing-small""><span class=""a-list-item"">Good source of energy-encourage riboflavin, manganese and copper</span></li>\n 	<li class=""a-spacing-small""><span class=""a-list-item"">Supports healthy brain function and naturally gluten-free</span></li>\n 	<li class=""a-spacing-small""><span class=""a-list-item"">Storage information- keep it airtight &amp; refrigerated for optimum freshness</span></li>\n</ul>","<ul class=""a-unordered-list a-vertical a-spacing-mini"">\n 	<li class=""a-spacing-small""><span class=""a-list-item"">Best quality product from the house of Naturoz, sourced from California USA</span></li>\n 	<li class=""a-spacing-small""><span class=""a-list-item"">Delicious crispy taste, best as a snack</span></li>\n 	<li class=""a-spacing-small""><span class=""a-list-item"">Good source of energy-encourage riboflavin, manganese and copper</span></li>\n 	<li class=""a-spacing-small""><span class=""a-list-item"">Supports healthy brain function and naturally gluten-free</span></li>\n 	<li class=""a-spacing-small""><span class=""a-list-item"">Storage information- keep it airtight &amp; refrigerated for optimum freshness</span></li>\n</ul>",,,taxable,,0,,,0,1,,,,,1,,690,1065, DRY FRUITS,,,https://kfs24x7.com/wp-content/uploads/F131.jpg,,,,,,,,,0,0,,classic-editor,1,,,0,0,,,,,,,,,,,,,,,,,,,,,,,,,,,,,,,,,
3825,simple,F590,RAJDHANI URAD SABUT DAL (BLACK URAD)-500 GM,1,0,visible,,,,,taxable,,1,,,0,1,,,,,1,,73,97,",  DALS & PULSES",,,https://kfs24x7.com/wp-content/uploads/F590-1.jpg,,,,,,,,,0,0,,classic-editor,1,,,0,0,default,,,,,0,,,,,,,,,,auto,disable,standard,0,inherit,inherit,inherit,inherit,inherit,,94,,,,,,,
3826,simple,F592,R-U NUTZ! PREMIUM ALMONDS-250 GM,1,0,visible,,,,,taxable,,0,,,0,1,,,,,1,,280,290," DRY FRUITS, Groceries",,,https://kfs24x7.com/wp-content/uploads/F592-e1697350206777.jpg,,,,,,,,,0,0,,classic-editor,1,,,0,0,default,,,,,0,,,,,,,,,,auto,disable,standard,0,inherit,inherit,inherit,inherit,inherit,,66,,,,,,,
3827,simple,F593,SAPPHIRE WALNUT (AKHROT GIRI)-250 GM,1,0,visible,,,,,taxable,,0,,,0,1,,,,,1,,345,559," DRY FRUITS, Groceries",,,https://kfs24x7.com/wp-content/uploads/F593.jpg,,,,,,,,,0,0,,,,,,,,default,,,,,0,,,,,,,,,,auto,disable,standard,0,inherit,inherit,inherit,inherit,inherit,,66,,,,,,,
3828,simple,F594,FOODY ARHAR/TOOR DAL (NO.1)-1 KG,1,0,visible,,,,,taxable,,0,,,0,1,,,,,1,,180,210,",  DALS & PULSES",,,https://kfs24x7.com/wp-content/uploads/F377.jpg,,,,,,,,,0,0,,,,,,,,default,,,,,0,,,,,,,,,,auto,disable,standard,0,inherit,inherit,inherit,inherit,inherit,,94,,,,,,,
3829,simple,F595,FORTUNE KING'S SOYABEAN OIL-15 LTR,1,0,visible,15 KG=17.5/L (Rs.109/L),,,,taxable,,0,,,0,1,,,,,1,,,1935,"Bulk Order, Groceries,  OIL & GHEE",,,https://kfs24x7.com/wp-content/uploads/F595-1.jpg,,,,,,,,,0,0,,,,,,,,default,,,,,1,,,,,,,,,,auto,disable,standard,0,inherit,inherit,inherit,inherit,inherit,,87,,,,,,,
3830,simple,F596,ZED BLACK PREMIUM DHOOP STICK-12 PACK,1,0,visible,,"Brand: Zed Black\nItem Form: Sticks\nMaterial: Bamboo\nScent: Fresh\nProduct Benefits: Soothing,Aromatherapy\nItem Length: 7.5 Centimetres",,,taxable,,1,,,0,1,,,,,1,,126,180, POOJA SAMAGRI,,,https://kfs24x7.com/wp-content/uploads/F596-e1696346612434.jpg,,,,,,,,,0,0,,,,,,,,default,,,,,1,,,,,,,,,,auto,disable,standard,0,inherit,inherit,inherit,inherit,inherit,,87,,,,,,,90
3832,simple,F598,EVEREST SAMBHAR MASALA-100GM,1,0,visible,,,,,taxable,,1,,,0,1,,,,,1,,72,80,,,,https://kfs24x7.com/wp-content/uploads/F598.jpeg,,,,,,,,,0,0,,classic-editor,1,,,0,0,,,,,,,,,,,,,,,,,,,,,,,,,,,,,,,,,
3833,simple,F599,FORTUNE YELLOW MOONG DAL (UNPOLISHED)-1 KG,1,0,visible,,"<h1 class=""a-size-base-plus a-text-bold"">About this item</h1>\n<ul class=""a-unordered-list a-vertical a-spacing-mini"">\n 	<li class=""a-spacing-small""><span class=""a-list-item"">RICH TASTE: Fortune Moong Dal (Split) is delicious in taste</span></li>\n 	<li class=""a-spacing-small""><span class=""a-list-item"">UNPOLISHED DALS: Fortune dals do not undergo any artificial polishing with water, oil or leather, thereby retaining their goodness and wholesome character</span></li>\n 	<li class=""a-spacing-small""><span class=""a-list-item"">5-STEP PROCESS FOR STRINGENT QUALITY CHECKS: Ensures that the grains of dal are uniform and of premium quality</span></li>\n 	<li class=""a-spacing-small""><span class=""a-list-item"">CHEF RECOMMENDED: Recommended by Chef Sanjeev Kapoor and Chef Ranveer Brar</span></li>\n 	<li class=""a-spacing-small""><span class=""a-list-item"">AMAZING RECIPES: Used in a variety of salads, soups, and many more</span></li>\n</ul>",,,taxable,,1,,,0,1,,,,,1,,160,200, DALS & PULSES,,,https://kfs24x7.com/wp-content/uploads/F587.png,,,,,,,,,0,0,,classic-editor,1,,,0,0,,,,,,,,,,,,,,,,,,,,,,,,,,,,,,,,,
3834,simple,F600,NATUROZ INDIA LONG RAISIN (LONG KISMIS)-250 GM,1,0,visible,"<ul class=""a-unordered-list a-vertical a-spacing-mini"">\n 	<li class=""a-spacing-small""><span class=""a-list-item"">Kishmish is a great energy booster</span></li>\n 	<li class=""a-spacing-small""><span class=""a-list-item"">Processed and packed in FSSC: 22000 &amp; HACCP certified plant – The best among food safety ratings</span></li>\n 	<li class=""a-spacing-small""><span class=""a-list-item"">Kishmish is loaded with fibres, which effectively relief from constipation</span></li>\n 	<li class=""a-spacing-small""><span class=""a-list-item"">Kishmish is a rich source of iron and copper as well as B complex vitamins, which are vital for the formation of red blood cells</span></li>\n 	<li class=""a-spacing-small""><span class=""a-list-item"">Kishmish have potassium and magnesium, which help reduce acidity</span></li>\n 	<li class=""a-spacing-small""><span class=""a-list-item"">Kishmish is good for ocular health</span></li>\n 	<li class=""a-spacing-small""><span class=""a-list-item"">Kishmish is rich in iron, potassium, antioxidants and B-complex vitamins</span></li>\n</ul>","<ul class=""a-unordered-list a-vertical a-spacing-mini"">\n 	<li class=""a-spacing-small""><span class=""a-list-item"">Kishmish is a great energy booster</span></li>\n 	<li class=""a-spacing-small""><span class=""a-list-item"">Processed and packed in FSSC: 22000 &amp; HACCP certified plant – The best among food safety ratings</span></li>\n 	<li class=""a-spacing-small""><span class=""a-list-item"">Kishmish is loaded with fibres, which effectively relief from constipation</span></li>\n 	<li class=""a-spacing-small""><span class=""a-list-item"">Kishmish is a rich source of iron and copper as well as B complex vitamins, which are vital for the formation of red blood cells</span></li>\n 	<li class=""a-spacing-small""><span class=""a-list-item"">Kishmish have potassium and magnesium, which help reduce acidity</span></li>\n 	<li class=""a-spacing-small""><span class=""a-list-item"">Kishmish is good for ocular health</span></li>\n 	<li class=""a-spacing-small""><span class=""a-list-item"">Kishmish is rich in iron, potassium, antioxidants and B-complex vitamins</span></li>\n</ul>",,,taxable,,1,,,0,1,,,,,1,,,140, DRY FRUITS,,,https://kfs24x7.com/wp-content/uploads/F600-e1686813795830.jpg,,,,,,,,,0,0,,classic-editor,1,,,0,0,,,,,,,,,,,,,,,,,,,,,,,,,,,,,,,,,
3835,simple,F601,FORTUNE BESAN-1 KG,1,0,visible,,,,,taxable,,1,,,0,1,,,,,1,,140,180, ATTA & FLOUR,,,https://kfs24x7.com/wp-content/uploads/F360.jpg,,,,,,,,,0,0,,classic-editor,1,,,0,0,default,,,,,,,,,,,,,,,,,,,,,,,,,,,,,,,,
3836,simple,F602,TATA TEA PREMIUM-1 KG,1,0,visible,,ANOKHA SWAD,,,taxable,,1,,,0,0,,,,,1,,490,560, TEA,,,https://kfs24x7.com/wp-content/uploads/F602.jpg,,,,,,,,,0,0,,,,,,,,,,,,,,,,,,,,,,,,,,,,,,,,,,,,,,,,
3837,simple,F416,FORTUNE CHANA SATTU-500 GM,1,0,visible,,,,,taxable,,1,,,0,0,,,,,1,,78,90, ATTA & FLOUR,,,https://kfs24x7.com/wp-content/uploads/416.jpeg,,,,,,,,,0,0,,classic-editor,1,,,0,0,default,,,,,0,,,,,,,,,,auto,disable,standard,0,inherit,inherit,inherit,inherit,inherit,,,,,,,,,
3937,simple,F379,RAJDHANI URAD DHOI DAL-500 GM,1,0,visible,,,,,taxable,,1,,,0,0,,,,,1,,84,112, DALS & PULSES,,,https://kfs24x7.com/wp-content/uploads/F379.webp,,,,,,,,,0,,,,,,,,,default,,,,,0,,,,,,,,,,auto,disable,standard,0,inherit,inherit,inherit,inherit,inherit,,,,,,,,,
3940,simple,F074,RAJDHANI URAD DHOI DAL-1 KG,1,0,visible,,,,,taxable,,1,,,0,0,,,,,1,,161,224, DALS & PULSES,,,https://kfs24x7.com/wp-content/uploads/F379.webp,,,,,,,,,0,,,,,,,,,default,,,,,0,,,,,,,,,,auto,disable,standard,0,inherit,inherit,inherit,inherit,inherit,,,,,,,,,
4026,simple,F406,RAJDHANI RAJMA KASHMIRI (RED-SMALL DANA)-500 GM,1,0,visible,,,,,taxable,,1,,,0,0,,,,,1,,99,125,Uncategorized,,,https://kfs24x7.com/wp-content/uploads/F406.jpg,,,,,,,,,0,,,,,,,,,default,,,,,0,,,,,,,,,,auto,disable,standard,0,inherit,inherit,inherit,inherit,inherit,,,,,,,,,
